Workbook

Sheet Consultazione
B2: ID | C2: ='Elenco Giocatori'!C7 -> Giocatore | D2: ='Elenco Giocatori'!D7 -> Serie | E2: ='Elenco Giocatori'!E7 -> Ruolo | F2: Squadra | G2: ='Elenco Giocatori'!AC7 -> Media | H2: 1 | I2: 2 | J2: 3 | K2: 4 | L2: 5 | M2: 6 | N2: 7 | O2: 8 | P2: 9 | Q2: 10 | R2: 11 | S2: 12 | T2: 13 | U2: 14 | V2: 15 | W2: 16 | X2: 17 | Y2: 18 | Z2: 19
B3: {=_xlfn.XLOOKUP(C3,Disponibili!G:G,Disponibili!F:F)} -> 2 | C3: ='Elenco Giocatori'!C9 -> Marco Vitale | D3: ='Elenco Giocatori'!D9 -> B | E3: ='Elenco Giocatori'!E9 -> A | F3: ='Elenco Giocatori'!F9 -> Akragas | G3: ='Elenco Giocatori'!AC9 -> 5.5 | H3: ='Elenco Giocatori'!H9 -> 5.5 | I3: ='Elenco Giocatori'!I9 | J3: ='Elenco Giocatori'!J9 | K3: ='Elenco Giocatori'!K9 | L3: ='Elenco Giocatori'!L9 | M3: ='Elenco Giocatori'!M9 | N3: ='Elenco Giocatori'!N9 | O3: ='Elenco Giocatori'!O9 | ... Z3: ='Elenco Giocatori'!Z9
B4: {=_xlfn.XLOOKUP(C4,Disponibili!G:G,Disponibili!F:F)} -> 8 | C4: ='Elenco Giocatori'!C15 -> Tomas Bergovic | D4: ='Elenco Giocatori'!D15 -> B | E4: ='Elenco Giocatori'!E15 -> D | F4: ='Elenco Giocatori'!F15 -> Akragas | G4: ='Elenco Giocatori'!AC15 -> 6.375 | H4: ='Elenco Giocatori'!H15 -> 7.1 | I4: ='Elenco Giocatori'!I15 -> 5.65 | J4: ='Elenco Giocatori'!J15 | K4: ='Elenco Giocatori'!K15 | L4: ='Elenco Giocatori'!L15 | M4: ='Elenco Giocatori'!M15 | N4: ='Elenco Giocatori'!N15 | O4: ='Elenco Giocatori'!O15 | ... Z4: ='Elenco Giocatori'!Z15
B5: {=_xlfn.XLOOKUP(C5,Disponibili!G:G,Disponibili!F:F)} -> 26 | C5: ='Elenco Giocatori'!C33 -> Andrea Pallante | D5: ='Elenco Giocatori'!D33 -> B | E5: ='Elenco Giocatori'!E33 -> D | F5: ='Elenco Giocatori'!F33 -> Alessandria | G5: ='Elenco Giocatori'!AC33 -> 5.475 | H5: ='Elenco Giocatori'!H33 -> 5.475 | I5: ='Elenco Giocatori'!I33 | J5: ='Elenco Giocatori'!J33 | K5: ='Elenco Giocatori'!K33 | L5: ='Elenco Giocatori'!L33 | M5: ='Elenco Giocatori'!M33 | N5: ='Elenco Giocatori'!N33 | O5: ='Elenco Giocatori'!O33 | ... Z5: ='Elenco Giocatori'!Z33
B6: {=_xlfn.XLOOKUP(C6,Disponibili!G:G,Disponibili!F:F)} -> 620 | C6: ='Elenco Giocatori'!C562 -> Simone Trimarchi | D6: ='Elenco Giocatori'!D562 -> A | E6: ='Elenco Giocatori'!E562 -> T | F6: ='Elenco Giocatori'!F562 -> Ravenna | G6: ='Elenco Giocatori'!AC562 -> 7.85 | H6: ='Elenco Giocatori'!H562 -> 7.65 | I6: ='Elenco Giocatori'!I562 -> 8.05 | J6: ='Elenco Giocatori'!J562 -> 6.9 | K6: ='Elenco Giocatori'!K562 -> 9.05 | L6: ='Elenco Giocatori'!L562 -> 8.7 | M6: ='Elenco Giocatori'!M562 -> 9.2 | N6: ='Elenco Giocatori'!N562 -> 7.15 | O6: ='Elenco Giocatori'!O562 -> 6.5 | ... Z6: ='Elenco Giocatori'!Z562
B7: {=_xlfn.XLOOKUP(C7,Disponibili!G:G,Disponibili!F:F)} -> 32 | C7: ='Elenco Giocatori'!C39 -> Antonio Cirino | D7: ='Elenco Giocatori'!D39 -> B | E7: ='Elenco Giocatori'!E39 -> T | F7: ='Elenco Giocatori'!F39 -> Alessandria | G7: ='Elenco Giocatori'!AC39 -> 6.2 | H7: ='Elenco Giocatori'!H39 -> 6.2 | I7: ='Elenco Giocatori'!I39 | J7: ='Elenco Giocatori'!J39 | K7: ='Elenco Giocatori'!K39 | L7: ='Elenco Giocatori'!L39 | M7: ='Elenco Giocatori'!M39 | N7: ='Elenco Giocatori'!N39 | O7: ='Elenco Giocatori'!O39 | ... Z7: ='Elenco Giocatori'!Z39
B8: {=_xlfn.XLOOKUP(C8,Disponibili!G:G,Disponibili!F:F)} -> 37 | C8: ='Elenco Giocatori'!C44 -> Samuele D'Angelo | D8: ='Elenco Giocatori'!D44 -> B | E8: ='Elenco Giocatori'!E44 -> W | F8: ='Elenco Giocatori'!F44 -> Alessandria | G8: ='Elenco Giocatori'!AC44 -> 6.7 | H8: ='Elenco Giocatori'!H44 | I8: ='Elenco Giocatori'!I44 -> 6.7 | J8: ='Elenco Giocatori'!J44 | K8: ='Elenco Giocatori'!K44 | L8: ='Elenco Giocatori'!L44 | M8: ='Elenco Giocatori'!M44 | N8: ='Elenco Giocatori'!N44 | O8: ='Elenco Giocatori'!O44 | ... Z8: ='Elenco Giocatori'!Z44
B9: {=_xlfn.XLOOKUP(C9,Disponibili!G:G,Disponibili!F:F)} -> 240 | C9: ='Elenco Giocatori'!C40 -> Mariano Pizzuti | D9: ='Elenco Giocatori'!D40 -> A | E9: ='Elenco Giocatori'!E40 -> A | F9: ='Elenco Giocatori'!F40 -> Cremonese | G9: ='Elenco Giocatori'!AC40 -> 7.2104167 | H9: ='Elenco Giocatori'!H40 -> 6.15 | I9: ='Elenco Giocatori'!I40 -> 6.65 | J9: ='Elenco Giocatori'!J40 -> 7.25 | K9: ='Elenco Giocatori'!K40 -> 7.95 | L9: ='Elenco Giocatori'!L40 -> 7.3333333 | M9: ='Elenco Giocatori'!M40 -> 7.6 | N9: ='Elenco Giocatori'!N40 -> 6.9 | O9: ='Elenco Giocatori'!O40 | ... Z9: ='Elenco Giocatori'!Z40
B10: {=_xlfn.XLOOKUP(C10,Disponibili!G:G,Disponibili!F:F)} -> 49 | C10: ='Elenco Giocatori'!C56 -> Pasquale D'Abbraccio | D10: ='Elenco Giocatori'!D56 -> A | E10: ='Elenco Giocatori'!E56 -> C | F10: ='Elenco Giocatori'!F56 -> Avellino | G10: ='Elenco Giocatori'!AC56 -> 7.725 | H10: ='Elenco Giocatori'!H56 | I10: ='Elenco Giocatori'!I56 | J10: ='Elenco Giocatori'!J56 | K10: ='Elenco Giocatori'!K56 | L10: ='Elenco Giocatori'!L56 -> 8 | M10: ='Elenco Giocatori'!M56 | N10: ='Elenco Giocatori'!N56 -> 7.45 | O10: ='Elenco Giocatori'!O56 | ... Z10: ='Elenco Giocatori'!Z56
B11: {=_xlfn.XLOOKUP(C11,Disponibili!G:G,Disponibili!F:F)} -> 48 | C11: ='Elenco Giocatori'!C55 -> Lorenzo Donati | D11: ='Elenco Giocatori'!D55 -> A | E11: ='Elenco Giocatori'!E55 -> C | F11: ='Elenco Giocatori'!F55 -> Avellino | G11: ='Elenco Giocatori'!AC55 -> 6.1 | H11: ='Elenco Giocatori'!H55 -> 6.1 | I11: ='Elenco Giocatori'!I55 | J11: ='Elenco Giocatori'!J55 | K11: ='Elenco Giocatori'!K55 | L11: ='Elenco Giocatori'!L55 | M11: ='Elenco Giocatori'!M55 | N11: ='Elenco Giocatori'!N55 | O11: ='Elenco Giocatori'!O55 | ... Z11: ='Elenco Giocatori'!Z55
B12: {=_xlfn.XLOOKUP(C12,Disponibili!G:G,Disponibili!F:F)} -> 197 | C12: ='Elenco Giocatori'!C375 -> Stefano Pellone | D12: ='Elenco Giocatori'!D375 -> B | E12: ='Elenco Giocatori'!E375 -> D | F12: ='Elenco Giocatori'!F375 -> Catanzaro | G12: ='Elenco Giocatori'!AC375 -> 6.8433333 | H12: ='Elenco Giocatori'!H375 -> 7.35 | I12: ='Elenco Giocatori'!I375 -> 6.85 | J12: ='Elenco Giocatori'!J375 -> 7.225 | K12: ='Elenco Giocatori'!K375 -> 6.475 | L12: ='Elenco Giocatori'!L375 -> 6.8833333 | M12: ='Elenco Giocatori'!M375 -> 6.7 | N12: ='Elenco Giocatori'!N375 -> 5.9 | O12: ='Elenco Giocatori'!O375 -> 6.725 | ... Z12: ='Elenco Giocatori'!Z375
B13: {=_xlfn.XLOOKUP(C13,Disponibili!G:G,Disponibili!F:F)} -> 51 | C13: ='Elenco Giocatori'!C58 -> Davide Sigillò | D13: ='Elenco Giocatori'!D58 -> A | E13: ='Elenco Giocatori'!E58 -> D | F13: ='Elenco Giocatori'!F58 -> Avellino | G13: ='Elenco Giocatori'!AC58 -> 6.2875 | H13: ='Elenco Giocatori'!H58 | I13: ='Elenco Giocatori'!I58 -> 6.475 | J13: ='Elenco Giocatori'!J58 -> 6.1 | K13: ='Elenco Giocatori'!K58 | L13: ='Elenco Giocatori'!L58 | M13: ='Elenco Giocatori'!M58 | N13: ='Elenco Giocatori'!N58 | O13: ='Elenco Giocatori'!O58 | ... Z13: ='Elenco Giocatori'!Z58
B14: {=_xlfn.XLOOKUP(C14,Disponibili!G:G,Disponibili!F:F)} -> 55 | C14: ='Elenco Giocatori'!C62 -> Marco Zanaboni | D14: ='Elenco Giocatori'!D62 -> A | E14: ='Elenco Giocatori'!E62 -> P | F14: ='Elenco Giocatori'!F62 -> Avellino | G14: ='Elenco Giocatori'!AC62 -> 6.8 | H14: ='Elenco Giocatori'!H62 | I14: ='Elenco Giocatori'!I62 -> 6.8 | J14: ='Elenco Giocatori'!J62 | K14: ='Elenco Giocatori'!K62 | L14: ='Elenco Giocatori'!L62 | M14: ='Elenco Giocatori'!M62 | N14: ='Elenco Giocatori'!N62 | O14: ='Elenco Giocatori'!O62 | ... Z14: ='Elenco Giocatori'!Z62
B15: {=_xlfn.XLOOKUP(C15,Disponibili!G:G,Disponibili!F:F)} -> 377 | C15: ='Elenco Giocatori'!C63 -> Alberto Locatelli | D15: ='Elenco Giocatori'!D63 -> A | E15: ='Elenco Giocatori'!E63 -> A | F15: ='Elenco Giocatori'!F63 -> Inter | G15: ='Elenco Giocatori'!AC63 -> 7.3888889 | H15: ='Elenco Giocatori'!H63 -> 10.05 | I15: ='Elenco Giocatori'!I63 -> 6.25 | J15: ='Elenco Giocatori'!J63 -> 9.75 | K15: ='Elenco Giocatori'!K63 -> 6.25 | L15: ='Elenco Giocatori'!L63 -> 6.5 | M15: ='Elenco Giocatori'!M63 -> 7.8 | N15: ='Elenco Giocatori'!N63 -> 6.3 | O15: ='Elenco Giocatori'!O63 -> 6.1 | ... Z15: ='Elenco Giocatori'!Z63
B16: {=_xlfn.XLOOKUP(C16,Disponibili!G:G,Disponibili!F:F)} -> 63 | C16: ='Elenco Giocatori'!C70 -> Samuele Tomassetti | D16: ='Elenco Giocatori'!D70 -> A | E16: ='Elenco Giocatori'!E70 -> A | F16: ='Elenco Giocatori'!F70 -> Bari | G16: ='Elenco Giocatori'!AC70 -> 7.4 | H16: ='Elenco Giocatori'!H70 -> 7.4 | I16: ='Elenco Giocatori'!I70 | J16: ='Elenco Giocatori'!J70 | K16: ='Elenco Giocatori'!K70 | L16: ='Elenco Giocatori'!L70 | M16: ='Elenco Giocatori'!M70 | N16: ='Elenco Giocatori'!N70 | O16: ='Elenco Giocatori'!O70 | ... Z16: ='Elenco Giocatori'!Z70
B17: {=_xlfn.XLOOKUP(C17,Disponibili!G:G,Disponibili!F:F)} -> 42 | C17: ='Elenco Giocatori'!C71 -> Raoul Guzzi | D17: ='Elenco Giocatori'!D71 -> A | E17: ='Elenco Giocatori'!E71 -> A | F17: ='Elenco Giocatori'!F71 -> Avellino | G17: ='Elenco Giocatori'!AC71 -> 7.6166667 | H17: ='Elenco Giocatori'!H71 | I17: ='Elenco Giocatori'!I71 | J17: ='Elenco Giocatori'!J71 | K17: ='Elenco Giocatori'!K71 | L17: ='Elenco Giocatori'!L71 | M17: ='Elenco Giocatori'!M71 | N17: ='Elenco Giocatori'!N71 | O17: ='Elenco Giocatori'!O71 -> 8.4 | ... Z17: ='Elenco Giocatori'!Z71
B18: {=_xlfn.XLOOKUP(C18,Disponibili!G:G,Disponibili!F:F)} -> 527 | C18: ='Elenco Giocatori'!C467 -> Alfredo Aloi | D18: ='Elenco Giocatori'!D467 -> B | E18: ='Elenco Giocatori'!E467 -> P | F18: ='Elenco Giocatori'!F467 -> Novara | G18: ='Elenco Giocatori'!AC467 -> 6.85 | H18: ='Elenco Giocatori'!H467 | I18: ='Elenco Giocatori'!I467 -> 6.3 | J18: ='Elenco Giocatori'!J467 | K18: ='Elenco Giocatori'!K467 | L18: ='Elenco Giocatori'!L467 | M18: ='Elenco Giocatori'!M467 | N18: ='Elenco Giocatori'!N467 | O18: ='Elenco Giocatori'!O467 | ... Z18: ='Elenco Giocatori'!Z467
B19: {=_xlfn.XLOOKUP(C19,Disponibili!G:G,Disponibili!F:F)} -> 78 | C19: ='Elenco Giocatori'!C85 -> Alessandro Gallo | D19: ='Elenco Giocatori'!D85 -> A | E19: ='Elenco Giocatori'!E85 -> A | F19: ='Elenco Giocatori'!F85 -> Bologna | G19: ='Elenco Giocatori'!AC85 -> 7.05 | H19: ='Elenco Giocatori'!H85 -> 6.85 | I19: ='Elenco Giocatori'!I85 | J19: ='Elenco Giocatori'!J85 | K19: ='Elenco Giocatori'!K85 -> 7.25 | L19: ='Elenco Giocatori'!L85 | M19: ='Elenco Giocatori'!M85 | N19: ='Elenco Giocatori'!N85 | O19: ='Elenco Giocatori'!O85 | ... Z19: ='Elenco Giocatori'!Z85
B20: {=_xlfn.XLOOKUP(C20,Disponibili!G:G,Disponibili!F:F)} -> 82 | C20: ='Elenco Giocatori'!C89 -> Antonio Di Gloria | D20: ='Elenco Giocatori'!D89 -> A | E20: ='Elenco Giocatori'!E89 -> C | F20: ='Elenco Giocatori'!F89 -> Bologna | G20: ='Elenco Giocatori'!AC89 -> 7.21 | H20: ='Elenco Giocatori'!H89 -> 6.9 | I20: ='Elenco Giocatori'!I89 -> 6.85 | J20: ='Elenco Giocatori'!J89 -> 8.1 | K20: ='Elenco Giocatori'!K89 -> 6.55 | L20: ='Elenco Giocatori'!L89 | M20: ='Elenco Giocatori'!M89 | N20: ='Elenco Giocatori'!N89 -> 7.65 | O20: ='Elenco Giocatori'!O89 | ... Z20: ='Elenco Giocatori'!Z89
B21: {=_xlfn.XLOOKUP(C21,Disponibili!G:G,Disponibili!F:F)} -> 85 | C21: ='Elenco Giocatori'!C92 -> Matteo Fratti | D21: ='Elenco Giocatori'!D92 -> A | E21: ='Elenco Giocatori'!E92 -> D | F21: ='Elenco Giocatori'!F92 -> Bologna | G21: ='Elenco Giocatori'!AC92 -> 6.5 | H21: ='Elenco Giocatori'!H92 -> 6.5 | I21: ='Elenco Giocatori'!I92 | J21: ='Elenco Giocatori'!J92 | K21: ='Elenco Giocatori'!K92 | L21: ='Elenco Giocatori'!L92 | M21: ='Elenco Giocatori'!M92 | N21: ='Elenco Giocatori'!N92 | O21: ='Elenco Giocatori'!O92 | ... Z21: ='Elenco Giocatori'!Z92
B22: {=_xlfn.XLOOKUP(C22,Disponibili!G:G,Disponibili!F:F)} -> 86 | C22: ='Elenco Giocatori'!C93 -> Mauro Catalano | D22: ='Elenco Giocatori'!D93 -> A | E22: ='Elenco Giocatori'!E93 -> D | F22: ='Elenco Giocatori'!F93 -> Bologna | G22: ='Elenco Giocatori'!AC93 -> 6.3416667 | H22: ='Elenco Giocatori'!H93 | I22: ='Elenco Giocatori'!I93 | J22: ='Elenco Giocatori'!J93 -> 6.15 | K22: ='Elenco Giocatori'!K93 | L22: ='Elenco Giocatori'!L93 -> 6.5333333 | M22: ='Elenco Giocatori'!M93 | N22: ='Elenco Giocatori'!N93 | O22: ='Elenco Giocatori'!O93 | ... Z22: ='Elenco Giocatori'!Z93
B23: {=_xlfn.XLOOKUP(C23,Disponibili!G:G,Disponibili!F:F)} -> 88 | C23: ='Elenco Giocatori'!C95 -> Loris Tigli | D23: ='Elenco Giocatori'!D95 -> A | E23: ='Elenco Giocatori'!E95 -> P | F23: ='Elenco Giocatori'!F95 -> Bologna | G23: ='Elenco Giocatori'!AC95 -> 5.4 | H23: ='Elenco Giocatori'!H95 -> 5.4 | I23: ='Elenco Giocatori'!I95 | J23: ='Elenco Giocatori'!J95 | K23: ='Elenco Giocatori'!K95 | L23: ='Elenco Giocatori'!L95 | M23: ='Elenco Giocatori'!M95 | N23: ='Elenco Giocatori'!N95 | O23: ='Elenco Giocatori'!O95 | ... Z23: ='Elenco Giocatori'!Z95
B24: {=_xlfn.XLOOKUP(C24,Disponibili!G:G,Disponibili!F:F)} -> 321 | C24: ='Elenco Giocatori'!C577 -> Davyd Andriyesh | D24: ='Elenco Giocatori'!D577 -> A | E24: ='Elenco Giocatori'!E577 -> C | F24: ='Elenco Giocatori'!F577 -> Forst Sudtirol | G24: ='Elenco Giocatori'!AC577 -> 6.075 | H24: ='Elenco Giocatori'!H577 | I24: ='Elenco Giocatori'!I577 | J24: ='Elenco Giocatori'!J577 | K24: ='Elenco Giocatori'!K577 | L24: ='Elenco Giocatori'!L577 | M24: ='Elenco Giocatori'!M577 | N24: ='Elenco Giocatori'!N577 | O24: ='Elenco Giocatori'!O577 -> 5.9 | ... Z24: ='Elenco Giocatori'!Z577
B25: {=_xlfn.XLOOKUP(C25,Disponibili!G:G,Disponibili!F:F)} -> 96 | C25: ='Elenco Giocatori'!C103 -> Stefano Cotta | D25: ='Elenco Giocatori'!D103 -> A | E25: ='Elenco Giocatori'!E103 -> W | F25: ='Elenco Giocatori'!F103 -> Bologna | G25: ='Elenco Giocatori'!AC103 -> 6.5 | H25: ='Elenco Giocatori'!H103 -> 6.5 | I25: ='Elenco Giocatori'!I103 | J25: ='Elenco Giocatori'!J103 | K25: ='Elenco Giocatori'!K103 | L25: ='Elenco Giocatori'!L103 | M25: ='Elenco Giocatori'!M103 | N25: ='Elenco Giocatori'!N103 | O25: ='Elenco Giocatori'!O103 | ... Z25: ='Elenco Giocatori'!Z103
B26: {=_xlfn.XLOOKUP(C26,Disponibili!G:G,Disponibili!F:F)} -> 95 | C26: ='Elenco Giocatori'!C102 -> Angela Iadicicco | D26: ='Elenco Giocatori'!D102 -> A | E26: ='Elenco Giocatori'!E102 -> W | F26: ='Elenco Giocatori'!F102 -> Bologna | G26: ='Elenco Giocatori'!AC102 -> 5.5 | H26: ='Elenco Giocatori'!H102 | I26: ='Elenco Giocatori'!I102 -> 5.5 | J26: ='Elenco Giocatori'!J102 | K26: ='Elenco Giocatori'!K102 | L26: ='Elenco Giocatori'!L102 | M26: ='Elenco Giocatori'!M102 | N26: ='Elenco Giocatori'!N102 | O26: ='Elenco Giocatori'!O102 | ... Z26: ='Elenco Giocatori'!Z102
B27: {=_xlfn.XLOOKUP(C27,Disponibili!G:G,Disponibili!F:F)} -> 101 | C27: ='Elenco Giocatori'!C108 -> Camillo Ferrigni | D27: ='Elenco Giocatori'!D108 -> B | E27: ='Elenco Giocatori'!E108 -> D | F27: ='Elenco Giocatori'!F108 -> Brescia | G27: ='Elenco Giocatori'!AC108 -> 6.9 | H27: ='Elenco Giocatori'!H108 | I27: ='Elenco Giocatori'!I108 | J27: ='Elenco Giocatori'!J108 -> 6.9 | K27: ='Elenco Giocatori'!K108 | L27: ='Elenco Giocatori'!L108 | M27: ='Elenco Giocatori'!M108 | N27: ='Elenco Giocatori'!N108 | O27: ='Elenco Giocatori'!O108 | ... Z27: ='Elenco Giocatori'!Z108
B28: {=_xlfn.XLOOKUP(C28,Disponibili!G:G,Disponibili!F:F)} -> 103 | C28: ='Elenco Giocatori'!C110 -> Riccardo Rex | D28: ='Elenco Giocatori'!D110 -> B | E28: ='Elenco Giocatori'!E110 -> D | F28: ='Elenco Giocatori'!F110 -> Brescia | G28: ='Elenco Giocatori'!AC110 -> 6.35 | H28: ='Elenco Giocatori'!H110 | I28: ='Elenco Giocatori'!I110 | J28: ='Elenco Giocatori'!J110 -> 6.35 | K28: ='Elenco Giocatori'!K110 | L28: ='Elenco Giocatori'!L110 | M28: ='Elenco Giocatori'!M110 | N28: ='Elenco Giocatori'!N110 | O28: ='Elenco Giocatori'!O110 | ... Z28: ='Elenco Giocatori'!Z110
B29: {=_xlfn.XLOOKUP(C29,Disponibili!G:G,Disponibili!F:F)} -> 112 | C29: ='Elenco Giocatori'!C119 -> Walter Genna | D29: ='Elenco Giocatori'!D119 -> B | E29: ='Elenco Giocatori'!E119 -> W | F29: ='Elenco Giocatori'!F119 -> Brescia | G29: ='Elenco Giocatori'!AC119 -> 6 | H29: ='Elenco Giocatori'!H119 -> 6 | I29: ='Elenco Giocatori'!I119 | J29: ='Elenco Giocatori'!J119 | K29: ='Elenco Giocatori'!K119 | L29: ='Elenco Giocatori'!L119 | M29: ='Elenco Giocatori'!M119 | N29: ='Elenco Giocatori'!N119 | O29: ='Elenco Giocatori'!O119 | ... Z29: ='Elenco Giocatori'!Z119
B30: {=_xlfn.XLOOKUP(C30,Disponibili!G:G,Disponibili!F:F)} -> 123 | C30: ='Elenco Giocatori'!C130 -> Gian Franco Sanna | D30: ='Elenco Giocatori'!D130 -> B | E30: ='Elenco Giocatori'!E130 -> T | F30: ='Elenco Giocatori'!F130 -> Cagliari | G30: ='Elenco Giocatori'!AC130 -> 6 | H30: ='Elenco Giocatori'!H130 | I30: ='Elenco Giocatori'!I130 -> 6 | J30: ='Elenco Giocatori'!J130 | K30: ='Elenco Giocatori'!K130 | L30: ='Elenco Giocatori'!L130 | M30: ='Elenco Giocatori'!M130 | N30: ='Elenco Giocatori'!N130 | O30: ='Elenco Giocatori'!O130 | ... Z30: ='Elenco Giocatori'!Z130
B31: {=_xlfn.XLOOKUP(C31,Disponibili!G:G,Disponibili!F:F)} -> 1 | C31: ='Elenco Giocatori'!C8 -> Antonio Vittorio Montuori | D31: ='Elenco Giocatori'!D8 -> B | E31: ='Elenco Giocatori'!E8 -> A | F31: ='Elenco Giocatori'!F8 -> Akragas | G31: ='Elenco Giocatori'!AC8 -> 0 | H31: ='Elenco Giocatori'!H8 | I31: ='Elenco Giocatori'!I8 | J31: ='Elenco Giocatori'!J8 | K31: ='Elenco Giocatori'!K8 | L31: ='Elenco Giocatori'!L8 | M31: ='Elenco Giocatori'!M8 | N31: ='Elenco Giocatori'!N8 | O31: ='Elenco Giocatori'!O8 | ... Z31: ='Elenco Giocatori'!Z8
B32: {=_xlfn.XLOOKUP(C32,Disponibili!G:G,Disponibili!F:F)} -> 18 | C32: ='Elenco Giocatori'!C25 -> Simone Lucatelli | D32: ='Elenco Giocatori'!D25 -> B | E32: ='Elenco Giocatori'!E25 -> A | F32: ='Elenco Giocatori'!F25 -> Akragas | G32: ='Elenco Giocatori'!AC25 -> 0 | H32: ='Elenco Giocatori'!H25 | I32: ='Elenco Giocatori'!I25 | J32: ='Elenco Giocatori'!J25 | K32: ='Elenco Giocatori'!K25 | L32: ='Elenco Giocatori'!L25 | M32: ='Elenco Giocatori'!M25 | N32: ='Elenco Giocatori'!N25 | O32: ='Elenco Giocatori'!O25 | ... Z32: ='Elenco Giocatori'!Z25
B33: {=_xlfn.XLOOKUP(C33,Disponibili!G:G,Disponibili!F:F)} -> 21 | C33: ='Elenco Giocatori'!C28 -> Alex Ferrari | D33: ='Elenco Giocatori'!D28 -> B | E33: ='Elenco Giocatori'!E28 -> A | F33: ='Elenco Giocatori'!F28 -> Alessandria | G33: ='Elenco Giocatori'!AC28 -> 0 | H33: ='Elenco Giocatori'!H28 | I33: ='Elenco Giocatori'!I28 | J33: ='Elenco Giocatori'!J28 | K33: ='Elenco Giocatori'!K28 | L33: ='Elenco Giocatori'!L28 | M33: ='Elenco Giocatori'!M28 | N33: ='Elenco Giocatori'!N28 | O33: ='Elenco Giocatori'!O28 | ... Z33: ='Elenco Giocatori'!Z28
B34: {=_xlfn.XLOOKUP(C34,Disponibili!G:G,Disponibili!F:F)} -> 22 | C34: ='Elenco Giocatori'!C29 -> Giacomo Varotto | D34: ='Elenco Giocatori'!D29 -> B | E34: ='Elenco Giocatori'!E29 -> A | F34: ='Elenco Giocatori'!F29 -> Alessandria | G34: ='Elenco Giocatori'!AC29 -> 0 | H34: ='Elenco Giocatori'!H29 | I34: ='Elenco Giocatori'!I29 | J34: ='Elenco Giocatori'!J29 | K34: ='Elenco Giocatori'!K29 | L34: ='Elenco Giocatori'!L29 | M34: ='Elenco Giocatori'!M29 | N34: ='Elenco Giocatori'!N29 | O34: ='Elenco Giocatori'!O29 | ... Z34: ='Elenco Giocatori'!Z29
B35: {=_xlfn.XLOOKUP(C35,Disponibili!G:G,Disponibili!F:F)} -> 23 | C35: ='Elenco Giocatori'!C30 -> Lorenzo Foggi Viligiardi | D35: ='Elenco Giocatori'!D30 -> B | E35: ='Elenco Giocatori'!E30 -> A | F35: ='Elenco Giocatori'!F30 -> Alessandria | G35: ='Elenco Giocatori'!AC30 -> 0 | H35: ='Elenco Giocatori'!H30 | I35: ='Elenco Giocatori'!I30 | J35: ='Elenco Giocatori'!J30 | K35: ='Elenco Giocatori'!K30 | L35: ='Elenco Giocatori'!L30 | M35: ='Elenco Giocatori'!M30 | N35: ='Elenco Giocatori'!N30 | O35: ='Elenco Giocatori'!O30 | ... Z35: ='Elenco Giocatori'!Z30
B36: {=_xlfn.XLOOKUP(C36,Disponibili!G:G,Disponibili!F:F)} -> 39 | C36: ='Elenco Giocatori'!C46 -> Aipom Manhattan | D36: ='Elenco Giocatori'!D46 -> A | E36: ='Elenco Giocatori'!E46 -> A | F36: ='Elenco Giocatori'!F46 -> Avellino | G36: ='Elenco Giocatori'!AC46 -> 0 | H36: ='Elenco Giocatori'!H46 | I36: ='Elenco Giocatori'!I46 | J36: ='Elenco Giocatori'!J46 | K36: ='Elenco Giocatori'!K46 | L36: ='Elenco Giocatori'!L46 | M36: ='Elenco Giocatori'!M46 | N36: ='Elenco Giocatori'!N46 | O36: ='Elenco Giocatori'!O46 | ... Z36: ='Elenco Giocatori'!Z46
B37: {=_xlfn.XLOOKUP(C37,Disponibili!G:G,Disponibili!F:F)} -> 40 | C37: ='Elenco Giocatori'!C47 -> Alessio Gega | D37: ='Elenco Giocatori'!D47 -> A | E37: ='Elenco Giocatori'!E47 -> A | F37: ='Elenco Giocatori'!F47 -> Avellino | G37: ='Elenco Giocatori'!AC47 -> 0 | H37: ='Elenco Giocatori'!H47 | I37: ='Elenco Giocatori'!I47 | J37: ='Elenco Giocatori'!J47 | K37: ='Elenco Giocatori'!K47 | L37: ='Elenco Giocatori'!L47 | M37: ='Elenco Giocatori'!M47 | N37: ='Elenco Giocatori'!N47 | O37: ='Elenco Giocatori'!O47 | ... Z37: ='Elenco Giocatori'!Z47
B38: {=_xlfn.XLOOKUP(C38,Disponibili!G:G,Disponibili!F:F)} -> 41 | C38: ='Elenco Giocatori'!C48 -> Antonio Ippolito | D38: ='Elenco Giocatori'!D48 -> A | E38: ='Elenco Giocatori'!E48 -> A | F38: ='Elenco Giocatori'!F48 -> Avellino | G38: ='Elenco Giocatori'!AC48 -> 0 | H38: ='Elenco Giocatori'!H48 | I38: ='Elenco Giocatori'!I48 | J38: ='Elenco Giocatori'!J48 | K38: ='Elenco Giocatori'!K48 | L38: ='Elenco Giocatori'!L48 | M38: ='Elenco Giocatori'!M48 | N38: ='Elenco Giocatori'!N48 | O38: ='Elenco Giocatori'!O48 | ... Z38: ='Elenco Giocatori'!Z48
B39: {=_xlfn.XLOOKUP(C39,Disponibili!G:G,Disponibili!F:F)} -> 60 | C39: ='Elenco Giocatori'!C67 -> Francesco Bomber Squeo | D39: ='Elenco Giocatori'!D67 -> A | E39: ='Elenco Giocatori'!E67 -> A | F39: ='Elenco Giocatori'!F67 -> Bari | G39: ='Elenco Giocatori'!AC67 -> 0 | H39: ='Elenco Giocatori'!H67 | I39: ='Elenco Giocatori'!I67 | J39: ='Elenco Giocatori'!J67 | K39: ='Elenco Giocatori'!K67 | L39: ='Elenco Giocatori'!L67 | M39: ='Elenco Giocatori'!M67 | N39: ='Elenco Giocatori'!N67 | O39: ='Elenco Giocatori'!O67 | ... Z39: ='Elenco Giocatori'!Z67
B40: {=_xlfn.XLOOKUP(C40,Disponibili!G:G,Disponibili!F:F)} -> 61 | C40: ='Elenco Giocatori'!C68 -> Daniele Alluviani | D40: ='Elenco Giocatori'!D68 -> A | E40: ='Elenco Giocatori'!E68 -> A | F40: ='Elenco Giocatori'!F68 -> Bari | G40: ='Elenco Giocatori'!AC68 -> 0 | H40: ='Elenco Giocatori'!H68 | I40: ='Elenco Giocatori'!I68 | J40: ='Elenco Giocatori'!J68 | K40: ='Elenco Giocatori'!K68 | L40: ='Elenco Giocatori'!L68 | M40: ='Elenco Giocatori'!M68 | N40: ='Elenco Giocatori'!N68 | O40: ='Elenco Giocatori'!O68 | ... Z40: ='Elenco Giocatori'!Z68
B41: {=_xlfn.XLOOKUP(C41,Disponibili!G:G,Disponibili!F:F)} -> 62 | C41: ='Elenco Giocatori'!C69 -> Mirko Ambrosi | D41: ='Elenco Giocatori'!D69 -> A | E41: ='Elenco Giocatori'!E69 -> A | F41: ='Elenco Giocatori'!F69 -> Bari | G41: ='Elenco Giocatori'!AC69 -> 0 | H41: ='Elenco Giocatori'!H69 | I41: ='Elenco Giocatori'!I69 | J41: ='Elenco Giocatori'!J69 | K41: ='Elenco Giocatori'!K69 | L41: ='Elenco Giocatori'!L69 | M41: ='Elenco Giocatori'!M69 | N41: ='Elenco Giocatori'!N69 | O41: ='Elenco Giocatori'!O69 | ... Z41: ='Elenco Giocatori'!Z69
B42: {=_xlfn.XLOOKUP(C42,Disponibili!G:G,Disponibili!F:F)} -> 65 | C42: ='Elenco Giocatori'!C72 -> Davide Saladino | D42: ='Elenco Giocatori'!D72 -> A | E42: ='Elenco Giocatori'!E72 -> A | F42: ='Elenco Giocatori'!F72 -> Bari | G42: ='Elenco Giocatori'!AC72 -> 0 | H42: ='Elenco Giocatori'!H72 | I42: ='Elenco Giocatori'!I72 | J42: ='Elenco Giocatori'!J72 | K42: ='Elenco Giocatori'!K72 | L42: ='Elenco Giocatori'!L72 | M42: ='Elenco Giocatori'!M72 | N42: ='Elenco Giocatori'!N72 | O42: ='Elenco Giocatori'!O72 | ... Z42: ='Elenco Giocatori'!Z72
B43: {=_xlfn.XLOOKUP(C43,Disponibili!G:G,Disponibili!F:F)} -> 79 | C43: ='Elenco Giocatori'!C86 -> Luigi Savinelli | D43: ='Elenco Giocatori'!D86 -> A | E43: ='Elenco Giocatori'!E86 -> A | F43: ='Elenco Giocatori'!F86 -> Bologna | G43: ='Elenco Giocatori'!AC86 -> 0 | H43: ='Elenco Giocatori'!H86 | I43: ='Elenco Giocatori'!I86 | J43: ='Elenco Giocatori'!J86 | K43: ='Elenco Giocatori'!K86 | L43: ='Elenco Giocatori'!L86 | M43: ='Elenco Giocatori'!M86 | N43: ='Elenco Giocatori'!N86 | O43: ='Elenco Giocatori'!O86 | ... Z43: ='Elenco Giocatori'!Z86
B44: {=_xlfn.XLOOKUP(C44,Disponibili!G:G,Disponibili!F:F)} -> 80 | C44: ='Elenco Giocatori'!C87 -> Manuel Schiattarreggia | D44: ='Elenco Giocatori'!D87 -> A | E44: ='Elenco Giocatori'!E87 -> A | F44: ='Elenco Giocatori'!F87 -> Bologna | G44: ='Elenco Giocatori'!AC87 -> 0 | H44: ='Elenco Giocatori'!H87 | I44: ='Elenco Giocatori'!I87 | J44: ='Elenco Giocatori'!J87 | K44: ='Elenco Giocatori'!K87 | L44: ='Elenco Giocatori'!L87 | M44: ='Elenco Giocatori'!M87 | N44: ='Elenco Giocatori'!N87 | O44: ='Elenco Giocatori'!O87 | ... Z44: ='Elenco Giocatori'!Z87
B45: {=_xlfn.XLOOKUP(C45,Disponibili!G:G,Disponibili!F:F)} -> 97 | C45: ='Elenco Giocatori'!C104 -> Franco Bisquo | D45: ='Elenco Giocatori'!D104 -> B | E45: ='Elenco Giocatori'!E104 -> A | F45: ='Elenco Giocatori'!F104 -> Brescia | G45: ='Elenco Giocatori'!AC104 -> 0 | H45: ='Elenco Giocatori'!H104 | I45: ='Elenco Giocatori'!I104 | J45: ='Elenco Giocatori'!J104 | K45: ='Elenco Giocatori'!K104 | L45: ='Elenco Giocatori'!L104 | M45: ='Elenco Giocatori'!M104 | N45: ='Elenco Giocatori'!N104 | O45: ='Elenco Giocatori'!O104 | ... Z45: ='Elenco Giocatori'!Z104
B46: {=_xlfn.XLOOKUP(C46,Disponibili!G:G,Disponibili!F:F)} -> 113 | C46: ='Elenco Giocatori'!C120 -> Ernesto Russolillo | D46: ='Elenco Giocatori'!D120 -> B | E46: ='Elenco Giocatori'!E120 -> A | F46: ='Elenco Giocatori'!F120 -> Cagliari | G46: ='Elenco Giocatori'!AC120 -> 0 | H46: ='Elenco Giocatori'!H120 | I46: ='Elenco Giocatori'!I120 | J46: ='Elenco Giocatori'!J120 | K46: ='Elenco Giocatori'!K120 | L46: ='Elenco Giocatori'!L120 | M46: ='Elenco Giocatori'!M120 | N46: ='Elenco Giocatori'!N120 | O46: ='Elenco Giocatori'!O120 | ... Z46: ='Elenco Giocatori'!Z120
B47: {=_xlfn.XLOOKUP(C47,Disponibili!G:G,Disponibili!F:F)} -> 131 | C47: ='Elenco Giocatori'!C138 -> Davide Franciò | D47: ='Elenco Giocatori'!D138 -> B | E47: ='Elenco Giocatori'!E138 -> A | F47: ='Elenco Giocatori'!F138 -> Campobasso | G47: ='Elenco Giocatori'!AC138 -> 0 | H47: ='Elenco Giocatori'!H138 | I47: ='Elenco Giocatori'!I138 | J47: ='Elenco Giocatori'!J138 | K47: ='Elenco Giocatori'!K138 | L47: ='Elenco Giocatori'!L138 | M47: ='Elenco Giocatori'!M138 | N47: ='Elenco Giocatori'!N138 | O47: ='Elenco Giocatori'!O138 | ... Z47: ='Elenco Giocatori'!Z138
B48: {=_xlfn.XLOOKUP(C48,Disponibili!G:G,Disponibili!F:F)} -> 132 | C48: ='Elenco Giocatori'!C139 -> Gaetano Paterniti | D48: ='Elenco Giocatori'!D139 -> B | E48: ='Elenco Giocatori'!E139 -> A | F48: ='Elenco Giocatori'!F139 -> Campobasso | G48: ='Elenco Giocatori'!AC139 -> 0 | H48: ='Elenco Giocatori'!H139 | I48: ='Elenco Giocatori'!I139 | J48: ='Elenco Giocatori'!J139 | K48: ='Elenco Giocatori'!K139 | L48: ='Elenco Giocatori'!L139 | M48: ='Elenco Giocatori'!M139 | N48: ='Elenco Giocatori'!N139 | O48: ='Elenco Giocatori'!O139 | ... Z48: ='Elenco Giocatori'!Z139
B49: {=_xlfn.XLOOKUP(C49,Disponibili!G:G,Disponibili!F:F)} -> 170 | C49: ='Elenco Giocatori'!C177 -> Carmelo Russo | D49: ='Elenco Giocatori'!D177 -> B | E49: ='Elenco Giocatori'!E177 -> A | F49: ='Elenco Giocatori'!F177 -> Catania | G49: ='Elenco Giocatori'!AC177 -> 0 | H49: ='Elenco Giocatori'!H177 | I49: ='Elenco Giocatori'!I177 | J49: ='Elenco Giocatori'!J177 | K49: ='Elenco Giocatori'!K177 | L49: ='Elenco Giocatori'!L177 | M49: ='Elenco Giocatori'!M177 | N49: ='Elenco Giocatori'!N177 | O49: ='Elenco Giocatori'!O177 | ... Z49: ='Elenco Giocatori'!Z177
B50: {=_xlfn.XLOOKUP(C50,Disponibili!G:G,Disponibili!F:F)} -> 168 | C50: ='Elenco Giocatori'!C175 -> Andrea Pizzi | D50: ='Elenco Giocatori'!D175 -> B | E50: ='Elenco Giocatori'!E175 -> A | F50: ='Elenco Giocatori'!F175 -> Catania | G50: ='Elenco Giocatori'!AC175 -> 0 | H50: ='Elenco Giocatori'!H175 | I50: ='Elenco Giocatori'!I175 | J50: ='Elenco Giocatori'!J175 | K50: ='Elenco Giocatori'!K175 | L50: ='Elenco Giocatori'!L175 | M50: ='Elenco Giocatori'!M175 | N50: ='Elenco Giocatori'!N175 | O50: ='Elenco Giocatori'!O175 | ... Z50: ='Elenco Giocatori'!Z175
B51: {=_xlfn.XLOOKUP(C51,Disponibili!G:G,Disponibili!F:F)} -> 188 | C51: ='Elenco Giocatori'!C195 -> Gabriele Corno | D51: ='Elenco Giocatori'!D195 -> B | E51: ='Elenco Giocatori'!E195 -> A | F51: ='Elenco Giocatori'!F195 -> Catanzaro | G51: ='Elenco Giocatori'!AC195 -> 0 | H51: ='Elenco Giocatori'!H195 | I51: ='Elenco Giocatori'!I195 | J51: ='Elenco Giocatori'!J195 | K51: ='Elenco Giocatori'!K195 | L51: ='Elenco Giocatori'!L195 | M51: ='Elenco Giocatori'!M195 | N51: ='Elenco Giocatori'!N195 | O51: ='Elenco Giocatori'!O195 | ... Z51: ='Elenco Giocatori'!Z195
B52: {=_xlfn.XLOOKUP(C52,Disponibili!G:G,Disponibili!F:F)} -> 189 | C52: ='Elenco Giocatori'!C196 -> Giuseppe Trovato | D52: ='Elenco Giocatori'!D196 -> B | E52: ='Elenco Giocatori'!E196 -> A | F52: ='Elenco Giocatori'!F196 -> Catanzaro | G52: ='Elenco Giocatori'!AC196 -> 0 | H52: ='Elenco Giocatori'!H196 | I52: ='Elenco Giocatori'!I196 | J52: ='Elenco Giocatori'!J196 | K52: ='Elenco Giocatori'!K196 | L52: ='Elenco Giocatori'!L196 | M52: ='Elenco Giocatori'!M196 | N52: ='Elenco Giocatori'!N196 | O52: ='Elenco Giocatori'!O196 | ... Z52: ='Elenco Giocatori'!Z196
B53: {=_xlfn.XLOOKUP(C53,Disponibili!G:G,Disponibili!F:F)} -> 206 | C53: ='Elenco Giocatori'!C213 -> Omar Degl'Innocenti | D53: ='Elenco Giocatori'!D213 -> B | E53: ='Elenco Giocatori'!E213 -> A | F53: ='Elenco Giocatori'!F213 -> Cesena | G53: ='Elenco Giocatori'!AC213 -> 0 | H53: ='Elenco Giocatori'!H213 | I53: ='Elenco Giocatori'!I213 | J53: ='Elenco Giocatori'!J213 | K53: ='Elenco Giocatori'!K213 | L53: ='Elenco Giocatori'!L213 | M53: ='Elenco Giocatori'!M213 | N53: ='Elenco Giocatori'!N213 | O53: ='Elenco Giocatori'!O213 | ... Z53: ='Elenco Giocatori'!Z213
B54: {=_xlfn.XLOOKUP(C54,Disponibili!G:G,Disponibili!F:F)} -> 242 | C54: ='Elenco Giocatori'!C249 -> Christian Impedovo | D54: ='Elenco Giocatori'!D249 -> A | E54: ='Elenco Giocatori'!E249 -> A | F54: ='Elenco Giocatori'!F249 -> Cremonese | G54: ='Elenco Giocatori'!AC249 -> 0 | H54: ='Elenco Giocatori'!H249 | I54: ='Elenco Giocatori'!I249 | J54: ='Elenco Giocatori'!J249 | K54: ='Elenco Giocatori'!K249 | L54: ='Elenco Giocatori'!L249 | M54: ='Elenco Giocatori'!M249 | N54: ='Elenco Giocatori'!N249 | O54: ='Elenco Giocatori'!O249 | ... Z54: ='Elenco Giocatori'!Z249
B55: {=_xlfn.XLOOKUP(C55,Disponibili!G:G,Disponibili!F:F)} -> 244 | C55: ='Elenco Giocatori'!C251 -> Federico Gallarato | D55: ='Elenco Giocatori'!D251 -> A | E55: ='Elenco Giocatori'!E251 -> A | F55: ='Elenco Giocatori'!F251 -> Cremonese | G55: ='Elenco Giocatori'!AC251 -> 0 | H55: ='Elenco Giocatori'!H251 | I55: ='Elenco Giocatori'!I251 | J55: ='Elenco Giocatori'!J251 | K55: ='Elenco Giocatori'!K251 | L55: ='Elenco Giocatori'!L251 | M55: ='Elenco Giocatori'!M251 | N55: ='Elenco Giocatori'!N251 | O55: ='Elenco Giocatori'!O251 | ... Z55: ='Elenco Giocatori'!Z251
B56: {=_xlfn.XLOOKUP(C56,Disponibili!G:G,Disponibili!F:F)} -> 246 | C56: ='Elenco Giocatori'!C253 -> Matteo Tirelli | D56: ='Elenco Giocatori'!D253 -> A | E56: ='Elenco Giocatori'!E253 -> A | F56: ='Elenco Giocatori'!F253 -> Cremonese | G56: ='Elenco Giocatori'!AC253 -> 0 | H56: ='Elenco Giocatori'!H253 | I56: ='Elenco Giocatori'!I253 | J56: ='Elenco Giocatori'!J253 | K56: ='Elenco Giocatori'!K253 | L56: ='Elenco Giocatori'!L253 | M56: ='Elenco Giocatori'!M253 | N56: ='Elenco Giocatori'!N253 | O56: ='Elenco Giocatori'!O253 | ... Z56: ='Elenco Giocatori'!Z253
B57: {=_xlfn.XLOOKUP(C57,Disponibili!G:G,Disponibili!F:F)} -> 262 | C57: ='Elenco Giocatori'!C269 -> Marco Ternullo | D57: ='Elenco Giocatori'!D269 -> A | E57: ='Elenco Giocatori'!E269 -> A | F57: ='Elenco Giocatori'!F269 -> Empoli | G57: ='Elenco Giocatori'!AC269 -> 0 | H57: ='Elenco Giocatori'!H269 | I57: ='Elenco Giocatori'!I269 | J57: ='Elenco Giocatori'!J269 | K57: ='Elenco Giocatori'!K269 | L57: ='Elenco Giocatori'!L269 | M57: ='Elenco Giocatori'!M269 | N57: ='Elenco Giocatori'!N269 | O57: ='Elenco Giocatori'!O269 | ... Z57: ='Elenco Giocatori'!Z269
B58: {=_xlfn.XLOOKUP(C58,Disponibili!G:G,Disponibili!F:F)} -> 279 | C58: ='Elenco Giocatori'!C286 -> Stock Grant Hudson | D58: ='Elenco Giocatori'!D286 -> A | E58: ='Elenco Giocatori'!E286 -> A | F58: ='Elenco Giocatori'!F286 -> Entella | G58: ='Elenco Giocatori'!AC286 -> 0 | H58: ='Elenco Giocatori'!H286 | I58: ='Elenco Giocatori'!I286 | J58: ='Elenco Giocatori'!J286 | K58: ='Elenco Giocatori'!K286 | L58: ='Elenco Giocatori'!L286 | M58: ='Elenco Giocatori'!M286 | N58: ='Elenco Giocatori'!N286 | O58: ='Elenco Giocatori'!O286 | ... Z58: ='Elenco Giocatori'!Z286
B59: {=_xlfn.XLOOKUP(C59,Disponibili!G:G,Disponibili!F:F)} -> 319 | C59: ='Elenco Giocatori'!C326 -> Davide Carta | D59: ='Elenco Giocatori'!D326 -> A | E59: ='Elenco Giocatori'!E326 -> A | F59: ='Elenco Giocatori'!F326 -> Forst Sudtirol | G59: ='Elenco Giocatori'!AC326 -> 0 | H59: ='Elenco Giocatori'!H326 | I59: ='Elenco Giocatori'!I326 | J59: ='Elenco Giocatori'!J326 | K59: ='Elenco Giocatori'!K326 | L59: ='Elenco Giocatori'!L326 | M59: ='Elenco Giocatori'!M326 | N59: ='Elenco Giocatori'!N326 | O59: ='Elenco Giocatori'!O326 | ... Z59: ='Elenco Giocatori'!Z326
B60: {=_xlfn.XLOOKUP(C60,Disponibili!G:G,Disponibili!F:F)} -> 320 | C60: ='Elenco Giocatori'!C327 -> Giuseppe Bestia | D60: ='Elenco Giocatori'!D327 -> A | E60: ='Elenco Giocatori'!E327 -> A | F60: ='Elenco Giocatori'!F327 -> Forst Sudtirol | G60: ='Elenco Giocatori'!AC327 -> 0 | H60: ='Elenco Giocatori'!H327 | I60: ='Elenco Giocatori'!I327 | J60: ='Elenco Giocatori'!J327 | K60: ='Elenco Giocatori'!K327 | L60: ='Elenco Giocatori'!L327 | M60: ='Elenco Giocatori'!M327 | N60: ='Elenco Giocatori'!N327 | O60: ='Elenco Giocatori'!O327 | ... Z60: ='Elenco Giocatori'!Z327
B61: {=_xlfn.XLOOKUP(C61,Disponibili!G:G,Disponibili!F:F)} -> 398 | C61: ='Elenco Giocatori'!C405 -> Simona Di Lauro | D61: ='Elenco Giocatori'!D405 -> B | E61: ='Elenco Giocatori'!E405 -> A | F61: ='Elenco Giocatori'!F405 -> Juventus | G61: ='Elenco Giocatori'!AC405 -> 0 | H61: ='Elenco Giocatori'!H405 | I61: ='Elenco Giocatori'!I405 | J61: ='Elenco Giocatori'!J405 | K61: ='Elenco Giocatori'!K405 | L61: ='Elenco Giocatori'!L405 | M61: ='Elenco Giocatori'!M405 | N61: ='Elenco Giocatori'!N405 | O61: ='Elenco Giocatori'!O405 | ... Z61: ='Elenco Giocatori'!Z405
B62: {=_xlfn.XLOOKUP(C62,Disponibili!G:G,Disponibili!F:F)} -> 399 | C62: ='Elenco Giocatori'!C406 -> Francesco Terlati | D62: ='Elenco Giocatori'!D406 -> B | E62: ='Elenco Giocatori'!E406 -> A | F62: ='Elenco Giocatori'!F406 -> Juventus | G62: ='Elenco Giocatori'!AC406 -> 0 | H62: ='Elenco Giocatori'!H406 | I62: ='Elenco Giocatori'!I406 | J62: ='Elenco Giocatori'!J406 | K62: ='Elenco Giocatori'!K406 | L62: ='Elenco Giocatori'!L406 | M62: ='Elenco Giocatori'!M406 | N62: ='Elenco Giocatori'!N406 | O62: ='Elenco Giocatori'!O406 | ... Z62: ='Elenco Giocatori'!Z406
B63: {=_xlfn.XLOOKUP(C63,Disponibili!G:G,Disponibili!F:F)} -> 414 | C63: ='Elenco Giocatori'!C421 -> Riccardo Serafini | D63: ='Elenco Giocatori'!D421 -> A | E63: ='Elenco Giocatori'!E421 -> A | F63: ='Elenco Giocatori'!F421 -> Lazio | G63: ='Elenco Giocatori'!AC421 -> 0 | H63: ='Elenco Giocatori'!H421 | I63: ='Elenco Giocatori'!I421 | J63: ='Elenco Giocatori'!J421 | K63: ='Elenco Giocatori'!K421 | L63: ='Elenco Giocatori'!L421 | M63: ='Elenco Giocatori'!M421 | N63: ='Elenco Giocatori'!N421 | O63: ='Elenco Giocatori'!O421 | ... Z63: ='Elenco Giocatori'!Z421
B64: {=_xlfn.XLOOKUP(C64,Disponibili!G:G,Disponibili!F:F)} -> 241 | C64: ='Elenco Giocatori'!C248 -> Andrea Bazzani | D64: ='Elenco Giocatori'!D248 -> A | E64: ='Elenco Giocatori'!E248 -> A | F64: ='Elenco Giocatori'!F248 -> Mantova | G64: ='Elenco Giocatori'!AC248 -> 0 | H64: ='Elenco Giocatori'!H248 | I64: ='Elenco Giocatori'!I248 | J64: ='Elenco Giocatori'!J248 | K64: ='Elenco Giocatori'!K248 | L64: ='Elenco Giocatori'!L248 | M64: ='Elenco Giocatori'!M248 | N64: ='Elenco Giocatori'!N248 | O64: ='Elenco Giocatori'!O248 | ... Z64: ='Elenco Giocatori'!Z248
B65: {=_xlfn.XLOOKUP(C65,Disponibili!G:G,Disponibili!F:F)} -> 474 | C65: ='Elenco Giocatori'!C481 -> Andrea Messina | D65: ='Elenco Giocatori'!D481 -> A | E65: ='Elenco Giocatori'!E481 -> A | F65: ='Elenco Giocatori'!F481 -> Monza | G65: ='Elenco Giocatori'!AC481 -> 0 | H65: ='Elenco Giocatori'!H481 | I65: ='Elenco Giocatori'!I481 | J65: ='Elenco Giocatori'!J481 | K65: ='Elenco Giocatori'!K481 | L65: ='Elenco Giocatori'!L481 | M65: ='Elenco Giocatori'!M481 | N65: ='Elenco Giocatori'!N481 | O65: ='Elenco Giocatori'!O481 | ... Z65: ='Elenco Giocatori'!Z481
B66: {=_xlfn.XLOOKUP(C66,Disponibili!G:G,Disponibili!F:F)} -> 475 | C66: ='Elenco Giocatori'!C482 -> Giacomo Evangelisti | D66: ='Elenco Giocatori'!D482 -> A | E66: ='Elenco Giocatori'!E482 -> A | F66: ='Elenco Giocatori'!F482 -> Monza | G66: ='Elenco Giocatori'!AC482 -> 0 | H66: ='Elenco Giocatori'!H482 | I66: ='Elenco Giocatori'!I482 | J66: ='Elenco Giocatori'!J482 | K66: ='Elenco Giocatori'!K482 | L66: ='Elenco Giocatori'!L482 | M66: ='Elenco Giocatori'!M482 | N66: ='Elenco Giocatori'!N482 | O66: ='Elenco Giocatori'!O482 | ... Z66: ='Elenco Giocatori'!Z482
B67: {=_xlfn.XLOOKUP(C67,Disponibili!G:G,Disponibili!F:F)} -> 476 | C67: ='Elenco Giocatori'!C483 -> Lenny Vio | D67: ='Elenco Giocatori'!D483 -> A | E67: ='Elenco Giocatori'!E483 -> A | F67: ='Elenco Giocatori'!F483 -> Monza | G67: ='Elenco Giocatori'!AC483 -> 0 | H67: ='Elenco Giocatori'!H483 | I67: ='Elenco Giocatori'!I483 | J67: ='Elenco Giocatori'!J483 | K67: ='Elenco Giocatori'!K483 | L67: ='Elenco Giocatori'!L483 | M67: ='Elenco Giocatori'!M483 | N67: ='Elenco Giocatori'!N483 | O67: ='Elenco Giocatori'!O483 | ... Z67: ='Elenco Giocatori'!Z483
B68: {=_xlfn.XLOOKUP(C68,Disponibili!G:G,Disponibili!F:F)} -> 495 | C68: ='Elenco Giocatori'!C502 -> Davide Hay | D68: ='Elenco Giocatori'!D502 -> A | E68: ='Elenco Giocatori'!E502 -> A | F68: ='Elenco Giocatori'!F502 -> Napoli | G68: ='Elenco Giocatori'!AC502 -> 0 | H68: ='Elenco Giocatori'!H502 | I68: ='Elenco Giocatori'!I502 | J68: ='Elenco Giocatori'!J502 | K68: ='Elenco Giocatori'!K502 | L68: ='Elenco Giocatori'!L502 | M68: ='Elenco Giocatori'!M502 | N68: ='Elenco Giocatori'!N502 | O68: ='Elenco Giocatori'!O502 | ... Z68: ='Elenco Giocatori'!Z502
B69: {=_xlfn.XLOOKUP(C69,Disponibili!G:G,Disponibili!F:F)} -> 496 | C69: ='Elenco Giocatori'!C503 -> Giuseppe Galli Tognotta | D69: ='Elenco Giocatori'!D503 -> A | E69: ='Elenco Giocatori'!E503 -> A | F69: ='Elenco Giocatori'!F503 -> Napoli | G69: ='Elenco Giocatori'!AC503 -> 0 | H69: ='Elenco Giocatori'!H503 | I69: ='Elenco Giocatori'!I503 | J69: ='Elenco Giocatori'!J503 | K69: ='Elenco Giocatori'!K503 | L69: ='Elenco Giocatori'!L503 | M69: ='Elenco Giocatori'!M503 | N69: ='Elenco Giocatori'!N503 | O69: ='Elenco Giocatori'!O503 | ... Z69: ='Elenco Giocatori'!Z503
B70: {=_xlfn.XLOOKUP(C70,Disponibili!G:G,Disponibili!F:F)} -> 497 | C70: ='Elenco Giocatori'!C504 -> Pasquale Piscitelli | D70: ='Elenco Giocatori'!D504 -> A | E70: ='Elenco Giocatori'!E504 -> A | F70: ='Elenco Giocatori'!F504 -> Napoli | G70: ='Elenco Giocatori'!AC504 -> 0 | H70: ='Elenco Giocatori'!H504 | I70: ='Elenco Giocatori'!I504 | J70: ='Elenco Giocatori'!J504 | K70: ='Elenco Giocatori'!K504 | L70: ='Elenco Giocatori'!L504 | M70: ='Elenco Giocatori'!M504 | N70: ='Elenco Giocatori'!N504 | O70: ='Elenco Giocatori'!O504 | ... Z70: ='Elenco Giocatori'!Z504
B71: {=_xlfn.XLOOKUP(C71,Disponibili!G:G,Disponibili!F:F)} -> 498 | C71: ='Elenco Giocatori'!C505 -> Raffaele Bortone | D71: ='Elenco Giocatori'!D505 -> A | E71: ='Elenco Giocatori'!E505 -> A | F71: ='Elenco Giocatori'!F505 -> Napoli | G71: ='Elenco Giocatori'!AC505 -> 0 | H71: ='Elenco Giocatori'!H505 | I71: ='Elenco Giocatori'!I505 | J71: ='Elenco Giocatori'!J505 | K71: ='Elenco Giocatori'!K505 | L71: ='Elenco Giocatori'!L505 | M71: ='Elenco Giocatori'!M505 | N71: ='Elenco Giocatori'!N505 | O71: ='Elenco Giocatori'!O505 | ... Z71: ='Elenco Giocatori'!Z505
B72: {=_xlfn.XLOOKUP(C72,Disponibili!G:G,Disponibili!F:F)} -> 532 | C72: ='Elenco Giocatori'!C539 -> Jerry Jerome | D72: ='Elenco Giocatori'!D539 -> A | E72: ='Elenco Giocatori'!E539 -> A | F72: ='Elenco Giocatori'!F539 -> Palermo | G72: ='Elenco Giocatori'!AC539 -> 0 | H72: ='Elenco Giocatori'!H539 | I72: ='Elenco Giocatori'!I539 | J72: ='Elenco Giocatori'!J539 | K72: ='Elenco Giocatori'!K539 | L72: ='Elenco Giocatori'!L539 | M72: ='Elenco Giocatori'!M539 | N72: ='Elenco Giocatori'!N539 | O72: ='Elenco Giocatori'!O539 | ... Z72: ='Elenco Giocatori'!Z539
B73: {=_xlfn.XLOOKUP(C73,Disponibili!G:G,Disponibili!F:F)} -> 533 | C73: ='Elenco Giocatori'!C540 -> Kun Dispa | D73: ='Elenco Giocatori'!D540 -> A | E73: ='Elenco Giocatori'!E540 -> A | F73: ='Elenco Giocatori'!F540 -> Palermo | G73: ='Elenco Giocatori'!AC540 -> 0 | H73: ='Elenco Giocatori'!H540 | I73: ='Elenco Giocatori'!I540 | J73: ='Elenco Giocatori'!J540 | K73: ='Elenco Giocatori'!K540 | L73: ='Elenco Giocatori'!L540 | M73: ='Elenco Giocatori'!M540 | N73: ='Elenco Giocatori'!N540 | O73: ='Elenco Giocatori'!O540 | ... Z73: ='Elenco Giocatori'!Z540
B74: {=_xlfn.XLOOKUP(C74,Disponibili!G:G,Disponibili!F:F)} -> 534 | C74: ='Elenco Giocatori'!C541 -> Paolo Ceraolo | D74: ='Elenco Giocatori'!D541 -> A | E74: ='Elenco Giocatori'!E541 -> A | F74: ='Elenco Giocatori'!F541 -> Palermo | G74: ='Elenco Giocatori'!AC541 -> 0 | H74: ='Elenco Giocatori'!H541 | I74: ='Elenco Giocatori'!I541 | J74: ='Elenco Giocatori'!J541 | K74: ='Elenco Giocatori'!K541 | L74: ='Elenco Giocatori'!L541 | M74: ='Elenco Giocatori'!M541 | N74: ='Elenco Giocatori'!N541 | O74: ='Elenco Giocatori'!O541 | ... Z74: ='Elenco Giocatori'!Z541
B75: {=_xlfn.XLOOKUP(C75,Disponibili!G:G,Disponibili!F:F)} -> 551 | C75: ='Elenco Giocatori'!C558 -> Exequiel Cervi | D75: ='Elenco Giocatori'!D558 -> B | E75: ='Elenco Giocatori'!E558 -> A | F75: ='Elenco Giocatori'!F558 -> Parma | G75: ='Elenco Giocatori'!AC558 -> 0 | H75: ='Elenco Giocatori'!H558 | I75: ='Elenco Giocatori'!I558 | J75: ='Elenco Giocatori'!J558 | K75: ='Elenco Giocatori'!K558 | L75: ='Elenco Giocatori'!L558 | M75: ='Elenco Giocatori'!M558 | N75: ='Elenco Giocatori'!N558 | O75: ='Elenco Giocatori'!O558 | ... Z75: ='Elenco Giocatori'!Z558
B76: {=_xlfn.XLOOKUP(C76,Disponibili!G:G,Disponibili!F:F)} -> 552 | C76: ='Elenco Giocatori'!C559 -> Fabio Faccioli | D76: ='Elenco Giocatori'!D559 -> B | E76: ='Elenco Giocatori'!E559 -> A | F76: ='Elenco Giocatori'!F559 -> Parma | G76: ='Elenco Giocatori'!AC559 -> 0 | H76: ='Elenco Giocatori'!H559 | I76: ='Elenco Giocatori'!I559 | J76: ='Elenco Giocatori'!J559 | K76: ='Elenco Giocatori'!K559 | L76: ='Elenco Giocatori'!L559 | M76: ='Elenco Giocatori'!M559 | N76: ='Elenco Giocatori'!N559 | O76: ='Elenco Giocatori'!O559 | ... Z76: ='Elenco Giocatori'!Z559
B77: {=_xlfn.XLOOKUP(C77,Disponibili!G:G,Disponibili!F:F)} -> 572 | C77: ='Elenco Giocatori'!C579 -> Samir Bertolotto | D77: ='Elenco Giocatori'!D579 -> B | E77: ='Elenco Giocatori'!E579 -> A | F77: ='Elenco Giocatori'!F579 -> Pescara | G77: ='Elenco Giocatori'!AC579 -> 0 | H77: ='Elenco Giocatori'!H579 | I77: ='Elenco Giocatori'!I579 | J77: ='Elenco Giocatori'!J579 | K77: ='Elenco Giocatori'!K579 | L77: ='Elenco Giocatori'!L579 | M77: ='Elenco Giocatori'!M579 | N77: ='Elenco Giocatori'!N579 | O77: ='Elenco Giocatori'!O579 | ... Z77: ='Elenco Giocatori'!Z579
B78: {=_xlfn.XLOOKUP(C78,Disponibili!G:G,Disponibili!F:F)} -> 573 | C78: ='Elenco Giocatori'!C580 -> Panoz | D78: ='Elenco Giocatori'!D580 -> B | E78: ='Elenco Giocatori'!E580 -> A | F78: ='Elenco Giocatori'!F580 -> Pescara | G78: ='Elenco Giocatori'!AC580 -> 0 | H78: ='Elenco Giocatori'!H580 | I78: ='Elenco Giocatori'!I580 | J78: ='Elenco Giocatori'!J580 | K78: ='Elenco Giocatori'!K580 | L78: ='Elenco Giocatori'!L580 | M78: ='Elenco Giocatori'!M580 | N78: ='Elenco Giocatori'!N580 | O78: ='Elenco Giocatori'!O580 | ... Z78: ='Elenco Giocatori'!Z580
B79: {=_xlfn.XLOOKUP(C79,Disponibili!G:G,Disponibili!F:F)} -> 589 | C79: ='Elenco Giocatori'!C596 -> Emmanuel Marchese | D79: ='Elenco Giocatori'!D596 -> A | E79: ='Elenco Giocatori'!E596 -> A | F79: ='Elenco Giocatori'!F596 -> Progetto Gaming | G79: ='Elenco Giocatori'!AC596 -> 0 | H79: ='Elenco Giocatori'!H596 | I79: ='Elenco Giocatori'!I596 | J79: ='Elenco Giocatori'!J596 | K79: ='Elenco Giocatori'!K596 | L79: ='Elenco Giocatori'!L596 | M79: ='Elenco Giocatori'!M596 | N79: ='Elenco Giocatori'!N596 | O79: ='Elenco Giocatori'!O596 | ... Z79: ='Elenco Giocatori'!Z596
B80: {=_xlfn.XLOOKUP(C80,Disponibili!G:G,Disponibili!F:F)} -> 590 | C80: ='Elenco Giocatori'!C597 -> Giuseppe Morena | D80: ='Elenco Giocatori'!D597 -> A | E80: ='Elenco Giocatori'!E597 -> A | F80: ='Elenco Giocatori'!F597 -> Progetto Gaming | G80: ='Elenco Giocatori'!AC597 -> 0 | H80: ='Elenco Giocatori'!H597 | I80: ='Elenco Giocatori'!I597 | J80: ='Elenco Giocatori'!J597 | K80: ='Elenco Giocatori'!K597 | L80: ='Elenco Giocatori'!L597 | M80: ='Elenco Giocatori'!M597 | N80: ='Elenco Giocatori'!N597 | O80: ='Elenco Giocatori'!O597 | ... Z80: ='Elenco Giocatori'!Z597
B81: {=_xlfn.XLOOKUP(C81,Disponibili!G:G,Disponibili!F:F)} -> 627 | C81: ='Elenco Giocatori'!C634 -> Cristian Arrigo | D81: ='Elenco Giocatori'!D634 -> B | E81: ='Elenco Giocatori'!E634 -> A | F81: ='Elenco Giocatori'!F634 -> Reggina | G81: ='Elenco Giocatori'!AC634 -> 0 | H81: ='Elenco Giocatori'!H634 | I81: ='Elenco Giocatori'!I634 | J81: ='Elenco Giocatori'!J634 | K81: ='Elenco Giocatori'!K634 | L81: ='Elenco Giocatori'!L634 | M81: ='Elenco Giocatori'!M634 | N81: ='Elenco Giocatori'!N634 | O81: ='Elenco Giocatori'!O634 | ... Z81: ='Elenco Giocatori'!Z634
B82: {=_xlfn.XLOOKUP(C82,Disponibili!G:G,Disponibili!F:F)} -> 647 | C82: ='Elenco Giocatori'!C654 -> Giuliano Interlandi | D82: ='Elenco Giocatori'!D654 -> B | E82: ='Elenco Giocatori'!E654 -> A | F82: ='Elenco Giocatori'!F654 -> Roma | G82: ='Elenco Giocatori'!AC654 -> 0 | H82: ='Elenco Giocatori'!H654 | I82: ='Elenco Giocatori'!I654 | J82: ='Elenco Giocatori'!J654 | K82: ='Elenco Giocatori'!K654 | L82: ='Elenco Giocatori'!L654 | M82: ='Elenco Giocatori'!M654 | N82: ='Elenco Giocatori'!N654 | O82: ='Elenco Giocatori'!O654 | ... Z82: ='Elenco Giocatori'!Z654
B83: {=_xlfn.XLOOKUP(C83,Disponibili!G:G,Disponibili!F:F)} -> 648 | C83: ='Elenco Giocatori'!C655 -> Vittorio Boller | D83: ='Elenco Giocatori'!D655 -> B | E83: ='Elenco Giocatori'!E655 -> A | F83: ='Elenco Giocatori'!F655 -> Roma | G83: ='Elenco Giocatori'!AC655 -> 0 | H83: ='Elenco Giocatori'!H655 | I83: ='Elenco Giocatori'!I655 | J83: ='Elenco Giocatori'!J655 | K83: ='Elenco Giocatori'!K655 | L83: ='Elenco Giocatori'!L655 | M83: ='Elenco Giocatori'!M655 | N83: ='Elenco Giocatori'!N655 | O83: ='Elenco Giocatori'!O655 | ... Z83: ='Elenco Giocatori'!Z655
B84: {=_xlfn.XLOOKUP(C84,Disponibili!G:G,Disponibili!F:F)} -> 662 | C84: ='Elenco Giocatori'!C669 -> Claudio Manfredi Franco | D84: ='Elenco Giocatori'!D669 -> B | E84: ='Elenco Giocatori'!E669 -> A | F84: ='Elenco Giocatori'!F669 -> Roma | G84: ='Elenco Giocatori'!AC669 -> 0 | H84: ='Elenco Giocatori'!H669 | I84: ='Elenco Giocatori'!I669 | J84: ='Elenco Giocatori'!J669 | K84: ='Elenco Giocatori'!K669 | L84: ='Elenco Giocatori'!L669 | M84: ='Elenco Giocatori'!M669 | N84: ='Elenco Giocatori'!N669 | O84: ='Elenco Giocatori'!O669 | ... Z84: ='Elenco Giocatori'!Z669
B85: {=_xlfn.XLOOKUP(C85,Disponibili!G:G,Disponibili!F:F)} -> 141 | C85: ='Elenco Giocatori'!C148 -> Alessio La Regina | D85: ='Elenco Giocatori'!D148 -> B | E85: ='Elenco Giocatori'!E148 -> A | F85: ='Elenco Giocatori'!F148 -> Sampdoria | G85: ='Elenco Giocatori'!AC148 -> 0 | H85: ='Elenco Giocatori'!H148 | I85: ='Elenco Giocatori'!I148 | J85: ='Elenco Giocatori'!J148 | K85: ='Elenco Giocatori'!K148 | L85: ='Elenco Giocatori'!L148 | M85: ='Elenco Giocatori'!M148 | N85: ='Elenco Giocatori'!N148 | O85: ='Elenco Giocatori'!O148 | ... Z85: ='Elenco Giocatori'!Z148
B86: {=_xlfn.XLOOKUP(C86,Disponibili!G:G,Disponibili!F:F)} -> 666 | C86: ='Elenco Giocatori'!C673 -> Squalo Ferrari | D86: ='Elenco Giocatori'!D673 -> B | E86: ='Elenco Giocatori'!E673 -> A | F86: ='Elenco Giocatori'!F673 -> Sampdoria | G86: ='Elenco Giocatori'!AC673 -> 0 | H86: ='Elenco Giocatori'!H673 | I86: ='Elenco Giocatori'!I673 | J86: ='Elenco Giocatori'!J673 | K86: ='Elenco Giocatori'!K673 | L86: ='Elenco Giocatori'!L673 | M86: ='Elenco Giocatori'!M673 | N86: ='Elenco Giocatori'!N673 | O86: ='Elenco Giocatori'!O673 | ... Z86: ='Elenco Giocatori'!Z673
B87: {=_xlfn.XLOOKUP(C87,Disponibili!G:G,Disponibili!F:F)} -> 684 | C87: ='Elenco Giocatori'!C691 -> Raimondo Raffaele De Gennaro | D87: ='Elenco Giocatori'!D691 -> B | E87: ='Elenco Giocatori'!E691 -> A | F87: ='Elenco Giocatori'!F691 -> Sassuolo | G87: ='Elenco Giocatori'!AC691 -> 0 | H87: ='Elenco Giocatori'!H691 | I87: ='Elenco Giocatori'!I691 | J87: ='Elenco Giocatori'!J691 | K87: ='Elenco Giocatori'!K691 | L87: ='Elenco Giocatori'!L691 | M87: ='Elenco Giocatori'!M691 | N87: ='Elenco Giocatori'!N691 | O87: ='Elenco Giocatori'!O691 | ... Z87: ='Elenco Giocatori'!Z691
B88: {=_xlfn.XLOOKUP(C88,Disponibili!G:G,Disponibili!F:F)} -> 685 | C88: ='Elenco Giocatori'!C692 -> Alessandro Minelli | D88: ='Elenco Giocatori'!D692 -> B | E88: ='Elenco Giocatori'!E692 -> A | F88: ='Elenco Giocatori'!F692 -> Sassuolo | G88: ='Elenco Giocatori'!AC692 -> 0 | H88: ='Elenco Giocatori'!H692 | I88: ='Elenco Giocatori'!I692 | J88: ='Elenco Giocatori'!J692 | K88: ='Elenco Giocatori'!K692 | L88: ='Elenco Giocatori'!L692 | M88: ='Elenco Giocatori'!M692 | N88: ='Elenco Giocatori'!N692 | O88: ='Elenco Giocatori'!O692 | ... Z88: ='Elenco Giocatori'!Z692
B89: {=_xlfn.XLOOKUP(C89,Disponibili!G:G,Disponibili!F:F)} -> 705 | C89: ='Elenco Giocatori'!C712 -> Francesco Benedetti | D89: ='Elenco Giocatori'!D712 -> A | E89: ='Elenco Giocatori'!E712 -> A | F89: ='Elenco Giocatori'!F712 -> Torino | G89: ='Elenco Giocatori'!AC712 -> 0 | H89: ='Elenco Giocatori'!H712 | I89: ='Elenco Giocatori'!I712 | J89: ='Elenco Giocatori'!J712 | K89: ='Elenco Giocatori'!K712 | L89: ='Elenco Giocatori'!L712 | M89: ='Elenco Giocatori'!M712 | N89: ='Elenco Giocatori'!N712 | O89: ='Elenco Giocatori'!O712 | ... Z89: ='Elenco Giocatori'!Z712
B90: {=_xlfn.XLOOKUP(C90,Disponibili!G:G,Disponibili!F:F)} -> 723 | C90: ='Elenco Giocatori'!C730 -> Davide Benetti | D90: ='Elenco Giocatori'!D730 -> B | E90: ='Elenco Giocatori'!E730 -> A | F90: ='Elenco Giocatori'!F730 -> Udinese | G90: ='Elenco Giocatori'!AC730 -> 0 | H90: ='Elenco Giocatori'!H730 | I90: ='Elenco Giocatori'!I730 | J90: ='Elenco Giocatori'!J730 | K90: ='Elenco Giocatori'!K730 | L90: ='Elenco Giocatori'!L730 | M90: ='Elenco Giocatori'!M730 | N90: ='Elenco Giocatori'!N730 | O90: ='Elenco Giocatori'!O730 | ... Z90: ='Elenco Giocatori'!Z730
B91: {=_xlfn.XLOOKUP(C91,Disponibili!G:G,Disponibili!F:F)} -> 742 | C91: ='Elenco Giocatori'!C749 -> Domenico Pedà | D91: ='Elenco Giocatori'!D749 -> A | E91: ='Elenco Giocatori'!E749 -> A | F91: ='Elenco Giocatori'!F749 -> Villaggio Prenestino | G91: ='Elenco Giocatori'!AC749 -> 0 | H91: ='Elenco Giocatori'!H749 | I91: ='Elenco Giocatori'!I749 | J91: ='Elenco Giocatori'!J749 | K91: ='Elenco Giocatori'!K749 | L91: ='Elenco Giocatori'!L749 | M91: ='Elenco Giocatori'!M749 | N91: ='Elenco Giocatori'!N749 | O91: ='Elenco Giocatori'!O749 | ... Z91: ='Elenco Giocatori'!Z749
B92: {=_xlfn.XLOOKUP(C92,Disponibili!G:G,Disponibili!F:F)} -> 129 | C92: ='Elenco Giocatori'!C136 -> Simone Piffari | D92: ='Elenco Giocatori'!D136 -> B | E92: ='Elenco Giocatori'!E136 -> W | F92: ='Elenco Giocatori'!F136 -> Cagliari | G92: ='Elenco Giocatori'!AC136 -> 6.5458333 | H92: ='Elenco Giocatori'!H136 | I92: ='Elenco Giocatori'!I136 -> 6.4 | J92: ='Elenco Giocatori'!J136 -> 6.35 | K92: ='Elenco Giocatori'!K136 -> 7 | L92: ='Elenco Giocatori'!L136 -> 6.4333333 | M92: ='Elenco Giocatori'!M136 | N92: ='Elenco Giocatori'!N136 | O92: ='Elenco Giocatori'!O136 | ... Z92: ='Elenco Giocatori'!Z136
B93: {=_xlfn.XLOOKUP(C93,Disponibili!G:G,Disponibili!F:F)} -> 135 | C93: ='Elenco Giocatori'!C142 -> Francisco Tispiezzo | D93: ='Elenco Giocatori'!D142 -> B | E93: ='Elenco Giocatori'!E142 -> D | F93: ='Elenco Giocatori'!F142 -> Campobasso | G93: ='Elenco Giocatori'!AC142 -> 6.025 | H93: ='Elenco Giocatori'!H142 -> 6.025 | I93: ='Elenco Giocatori'!I142 | J93: ='Elenco Giocatori'!J142 | K93: ='Elenco Giocatori'!K142 | L93: ='Elenco Giocatori'!L142 | M93: ='Elenco Giocatori'!M142 | N93: ='Elenco Giocatori'!N142 | O93: ='Elenco Giocatori'!O142 | ... Z93: ='Elenco Giocatori'!Z142
B94: {=_xlfn.XLOOKUP(C94,Disponibili!G:G,Disponibili!F:F)} -> 318 | C94: ='Elenco Giocatori'!C49 -> Luca Forte | D94: ='Elenco Giocatori'!D49 -> A | E94: ='Elenco Giocatori'!E49 -> W | F94: ='Elenco Giocatori'!F49 -> Fiorentina | G94: ='Elenco Giocatori'!AC49 -> 6.65 | H94: ='Elenco Giocatori'!H49 | I94: ='Elenco Giocatori'!I49 | J94: ='Elenco Giocatori'!J49 | K94: ='Elenco Giocatori'!K49 | L94: ='Elenco Giocatori'!L49 | M94: ='Elenco Giocatori'!M49 | N94: ='Elenco Giocatori'!N49 | O94: ='Elenco Giocatori'!O49 | ... Z94: ='Elenco Giocatori'!Z49
B95: {=_xlfn.XLOOKUP(C95,Disponibili!G:G,Disponibili!F:F)} -> 153 | C95: ='Elenco Giocatori'!C160 -> Florind Fletcher | D95: ='Elenco Giocatori'!D160 -> B | E95: ='Elenco Giocatori'!E160 -> C | F95: ='Elenco Giocatori'!F160 -> Carpi | G95: ='Elenco Giocatori'!AC160 -> 6.35 | H95: ='Elenco Giocatori'!H160 -> 6.35 | I95: ='Elenco Giocatori'!I160 | J95: ='Elenco Giocatori'!J160 | K95: ='Elenco Giocatori'!K160 | L95: ='Elenco Giocatori'!L160 | M95: ='Elenco Giocatori'!M160 | N95: ='Elenco Giocatori'!N160 | O95: ='Elenco Giocatori'!O160 | ... Z95: ='Elenco Giocatori'!Z160
B96: {=_xlfn.XLOOKUP(C96,Disponibili!G:G,Disponibili!F:F)} -> 155 | C96: ='Elenco Giocatori'!C162 -> Simone Tave | D96: ='Elenco Giocatori'!D162 -> B | E96: ='Elenco Giocatori'!E162 -> C | F96: ='Elenco Giocatori'!F162 -> Carpi | G96: ='Elenco Giocatori'!AC162 -> 6.2 | H96: ='Elenco Giocatori'!H162 -> 6.2 | I96: ='Elenco Giocatori'!I162 | J96: ='Elenco Giocatori'!J162 | K96: ='Elenco Giocatori'!K162 | L96: ='Elenco Giocatori'!L162 | M96: ='Elenco Giocatori'!M162 | N96: ='Elenco Giocatori'!N162 | O96: ='Elenco Giocatori'!O162 | ... Z96: ='Elenco Giocatori'!Z162
B97: {=_xlfn.XLOOKUP(C97,Disponibili!G:G,Disponibili!F:F)} -> 619 | C97: ='Elenco Giocatori'!C626 -> Rorro Reijnders | D97: ='Elenco Giocatori'!D626 -> B | E97: ='Elenco Giocatori'!E626 -> T | F97: ='Elenco Giocatori'!F626 -> Carpi | G97: ='Elenco Giocatori'!AC626 -> 6.275 | H97: ='Elenco Giocatori'!H626 -> 5.5 | I97: ='Elenco Giocatori'!I626 -> 7.05 | J97: ='Elenco Giocatori'!J626 | K97: ='Elenco Giocatori'!K626 | L97: ='Elenco Giocatori'!L626 | M97: ='Elenco Giocatori'!M626 | N97: ='Elenco Giocatori'!N626 | O97: ='Elenco Giocatori'!O626 | ... Z97: ='Elenco Giocatori'!Z626
B98: {=_xlfn.XLOOKUP(C98,Disponibili!G:G,Disponibili!F:F)} -> 166 | C98: ='Elenco Giocatori'!C173 -> Leonardo Driussi | D98: ='Elenco Giocatori'!D173 -> B | E98: ='Elenco Giocatori'!E173 -> W | F98: ='Elenco Giocatori'!F173 -> Carpi | G98: ='Elenco Giocatori'!AC173 -> 7 | H98: ='Elenco Giocatori'!H173 | I98: ='Elenco Giocatori'!I173 | J98: ='Elenco Giocatori'!J173 | K98: ='Elenco Giocatori'!K173 | L98: ='Elenco Giocatori'!L173 | M98: ='Elenco Giocatori'!M173 -> 7 | N98: ='Elenco Giocatori'!N173 | O98: ='Elenco Giocatori'!O173 | ... Z98: ='Elenco Giocatori'!Z173
B99: {=_xlfn.XLOOKUP(C99,Disponibili!G:G,Disponibili!F:F)} -> 169 | C99: ='Elenco Giocatori'!C176 -> Cristian Guarnera | D99: ='Elenco Giocatori'!D176 -> B | E99: ='Elenco Giocatori'!E176 -> A | F99: ='Elenco Giocatori'!F176 -> Catania | G99: ='Elenco Giocatori'!AC176 -> 7.0047619 | H99: ='Elenco Giocatori'!H176 -> 7.85 | I99: ='Elenco Giocatori'!I176 -> 7.95 | J99: ='Elenco Giocatori'!J176 -> 7 | K99: ='Elenco Giocatori'!K176 -> 5.8 | L99: ='Elenco Giocatori'!L176 | M99: ='Elenco Giocatori'!M176 -> 7.3333333 | N99: ='Elenco Giocatori'!N176 -> 6.3 | O99: ='Elenco Giocatori'!O176 -> 6.8 | ... Z99: ='Elenco Giocatori'!Z176
B100: {=_xlfn.XLOOKUP(C100,Disponibili!G:G,Disponibili!F:F)} -> 174 | C100: ='Elenco Giocatori'!C181 -> Matteo Midolo | D100: ='Elenco Giocatori'!D181 -> B | E100: ='Elenco Giocatori'!E181 -> D | F100: ='Elenco Giocatori'!F181 -> Catania | G100: ='Elenco Giocatori'!AC181 -> 6.4833333 | H100: ='Elenco Giocatori'!H181 | I100: ='Elenco Giocatori'!I181 | J100: ='Elenco Giocatori'!J181 | K100: ='Elenco Giocatori'!K181 -> 6.9 | L100: ='Elenco Giocatori'!L181 -> 6.0666667 | M100: ='Elenco Giocatori'!M181 | N100: ='Elenco Giocatori'!N181 | O100: ='Elenco Giocatori'!O181 | ... Z100: ='Elenco Giocatori'!Z181
B101: {=_xlfn.XLOOKUP(C101,Disponibili!G:G,Disponibili!F:F)} -> 177 | C101: ='Elenco Giocatori'!C184 -> Frappo | D101: ='Elenco Giocatori'!D184 -> B | E101: ='Elenco Giocatori'!E184 -> P | F101: ='Elenco Giocatori'!F184 -> Catania | G101: ='Elenco Giocatori'!AC184 -> 6.8 | H101: ='Elenco Giocatori'!H184 -> 6.8 | I101: ='Elenco Giocatori'!I184 | J101: ='Elenco Giocatori'!J184 | K101: ='Elenco Giocatori'!K184 | L101: ='Elenco Giocatori'!L184 | M101: ='Elenco Giocatori'!M184 | N101: ='Elenco Giocatori'!N184 | O101: ='Elenco Giocatori'!O184 | ... Z101: ='Elenco Giocatori'!Z184
...

Sheet Premi
B2: Guadagni Totali | E2: Concorsi Settimanali | H2: Classifica Finale | K2: Bonus Fedeltà
B3: Utente | C3: Crediti | E3: Utente | F3: Crediti | H3: Utente | I3: Crediti | K3: Utente | L3: Crediti
B4: =IFERROR(__xludf.DUMMYFUNCTION("(QUERY('Classifiche e premi'!$Q$2:$R1000, ""select Col1, Col2 where Col2 >0 Order by Col2 Desc""))"),"Nicola Madeddu") -> Nicola Madeddu | C4: =IFERROR(__xludf.DUMMYFUNCTION("""COMPUTED_VALUE"""),300000.0) -> 300000 | E4: =IFERROR(__xludf.DUMMYFUNCTION("(QUERY('Classifiche e premi'!H2:I1000, ""select Col1, Col2 where Col2 >0 and Col1<> '#REF!' Order by Col2 Desc""))"),"Gaetano Baiamonte") -> Gaetano Baiamonte | F4: =IFERROR(__xludf.DUMMYFUNCTION("""COMPUTED_VALUE"""),55000.0) -> 55000 | H4: =IFERROR(__xludf.DUMMYFUNCTION("(QUERY('Classifica generale'!D4:D11, ""select Col1""))"),"Nicola Madeddu") -> Nicola Madeddu | I4: 200000 | K4: =IFERROR(__xludf.DUMMYFUNCTION("(QUERY('Bonus Fedeltà'!$E$4:$H1000, ""select Col1, Col4""))"),"Alessandro Gallo") -> Alessandro Gallo | L4: =IFERROR(__xludf.DUMMYFUNCTION("""COMPUTED_VALUE"""),50000.0) -> 50000
B5: =IFERROR(__xludf.DUMMYFUNCTION("""COMPUTED_VALUE"""),"Gaetano Baiamonte") -> Gaetano Baiamonte | C5: =IFERROR(__xludf.DUMMYFUNCTION("""COMPUTED_VALUE"""),255000.0) -> 255000 | E5: =IFERROR(__xludf.DUMMYFUNCTION("""COMPUTED_VALUE"""),"Nicola Madeddu") -> Nicola Madeddu | F5: =IFERROR(__xludf.DUMMYFUNCTION("""COMPUTED_VALUE"""),50000.0) -> 50000 | H5: =IFERROR(__xludf.DUMMYFUNCTION("""COMPUTED_VALUE"""),"Gaetano Baiamonte") -> Gaetano Baiamonte | I5: 150000 | K5: =IFERROR(__xludf.DUMMYFUNCTION("""COMPUTED_VALUE"""),"Alessio Chiarelli") -> Alessio Chiarelli | L5: =IFERROR(__xludf.DUMMYFUNCTION("""COMPUTED_VALUE"""),50000.0) -> 50000
B6: =IFERROR(__xludf.DUMMYFUNCTION("""COMPUTED_VALUE"""),"Gianfranco Colucci") -> Gianfranco Colucci | C6: =IFERROR(__xludf.DUMMYFUNCTION("""COMPUTED_VALUE"""),170000.0) -> 170000 | E6: =IFERROR(__xludf.DUMMYFUNCTION("""COMPUTED_VALUE"""),"Paola Alessandra Pisani") -> Paola Alessandra Pisani | F6: =IFERROR(__xludf.DUMMYFUNCTION("""COMPUTED_VALUE"""),30000.0) -> 30000 | H6: =IFERROR(__xludf.DUMMYFUNCTION("""COMPUTED_VALUE"""),"Gianfranco Colucci") -> Gianfranco Colucci | I6: 100000 | L6: =IFERROR(__xludf.DUMMYFUNCTION("""COMPUTED_VALUE"""),50000.0) -> 50000
B7: =IFERROR(__xludf.DUMMYFUNCTION("""COMPUTED_VALUE"""),"Luca Pedroletti") -> Luca Pedroletti | C7: =IFERROR(__xludf.DUMMYFUNCTION("""COMPUTED_VALUE"""),145000.0) -> 145000 | E7: =IFERROR(__xludf.DUMMYFUNCTION("""COMPUTED_VALUE"""),"Raffaele Zicolella") -> Raffaele Zicolella | F7: =IFERROR(__xludf.DUMMYFUNCTION("""COMPUTED_VALUE"""),25000.0) -> 25000 | H7: =IFERROR(__xludf.DUMMYFUNCTION("""COMPUTED_VALUE"""),"Luca Pedroletti") -> Luca Pedroletti | I7: 70000 | K7: =IFERROR(__xludf.DUMMYFUNCTION("""COMPUTED_VALUE"""),"Angela Iadicicco") -> Angela Iadicicco | L7: =IFERROR(__xludf.DUMMYFUNCTION("""COMPUTED_VALUE"""),50000.0) -> 50000
B8: =IFERROR(__xludf.DUMMYFUNCTION("""COMPUTED_VALUE"""),"Paola Alessandra Pisani") -> Paola Alessandra Pisani | C8: =IFERROR(__xludf.DUMMYFUNCTION("""COMPUTED_VALUE"""),110000.0) -> 110000 | E8: =IFERROR(__xludf.DUMMYFUNCTION("""COMPUTED_VALUE"""),"Luca Pedroletti") -> Luca Pedroletti | F8: =IFERROR(__xludf.DUMMYFUNCTION("""COMPUTED_VALUE"""),25000.0) -> 25000 | H8: =IFERROR(__xludf.DUMMYFUNCTION("""COMPUTED_VALUE"""),"Tizio Caio") -> Tizio Caio | I8: 60000 | K8: =IFERROR(__xludf.DUMMYFUNCTION("""COMPUTED_VALUE"""),"Antonio Cirino") -> Antonio Cirino | L8: =IFERROR(__xludf.DUMMYFUNCTION("""COMPUTED_VALUE"""),50000.0) -> 50000
B9: =IFERROR(__xludf.DUMMYFUNCTION("""COMPUTED_VALUE"""),"Francesco Fusco") -> Francesco Fusco | C9: =IFERROR(__xludf.DUMMYFUNCTION("""COMPUTED_VALUE"""),105000.0) -> 105000 | E9: =IFERROR(__xludf.DUMMYFUNCTION("""COMPUTED_VALUE"""),"Riccardo Ricci") -> Riccardo Ricci | F9: =IFERROR(__xludf.DUMMYFUNCTION("""COMPUTED_VALUE"""),20000.0) -> 20000 | H9: =IFERROR(__xludf.DUMMYFUNCTION("""COMPUTED_VALUE"""),"Loris Tigli") -> Loris Tigli | I9: 50000 | L9: =IFERROR(__xludf.DUMMYFUNCTION("""COMPUTED_VALUE"""),50000.0) -> 50000
B10: =IFERROR(__xludf.DUMMYFUNCTION("""COMPUTED_VALUE"""),"Loris Tigli") -> Loris Tigli | C10: =IFERROR(__xludf.DUMMYFUNCTION("""COMPUTED_VALUE"""),105000.0) -> 105000 | E10: =IFERROR(__xludf.DUMMYFUNCTION("""COMPUTED_VALUE"""),"Gianfranco Colucci") -> Gianfranco Colucci | F10: =IFERROR(__xludf.DUMMYFUNCTION("""COMPUTED_VALUE"""),20000.0) -> 20000 | H10: =IFERROR(__xludf.DUMMYFUNCTION("""COMPUTED_VALUE"""),"Francesco Fusco") -> Francesco Fusco | I10: 40000 | K10: =IFERROR(__xludf.DUMMYFUNCTION("""COMPUTED_VALUE"""),"Daniele Greca") -> Daniele Greca | L10: =IFERROR(__xludf.DUMMYFUNCTION("""COMPUTED_VALUE"""),50000.0) -> 50000
B11: =IFERROR(__xludf.DUMMYFUNCTION("""COMPUTED_VALUE"""),"Daniele Greca") -> Daniele Greca | C11: =IFERROR(__xludf.DUMMYFUNCTION("""COMPUTED_VALUE"""),70000.0) -> 70000 | E11: =IFERROR(__xludf.DUMMYFUNCTION("""COMPUTED_VALUE"""),"Alessandro Casiraro") -> Alessandro Casiraro | F11: =IFERROR(__xludf.DUMMYFUNCTION("""COMPUTED_VALUE"""),20000.0) -> 20000 | H11: =IFERROR(__xludf.DUMMYFUNCTION("""COMPUTED_VALUE"""),"Paola Alessandra Pisani") -> Paola Alessandra Pisani | I11: 30000 | L11: =IFERROR(__xludf.DUMMYFUNCTION("""COMPUTED_VALUE"""),50000.0) -> 50000
B12: =IFERROR(__xludf.DUMMYFUNCTION("""COMPUTED_VALUE"""),"Antonio Cirino") -> Antonio Cirino | C12: =IFERROR(__xludf.DUMMYFUNCTION("""COMPUTED_VALUE"""),65000.0) -> 65000 | E12: =IFERROR(__xludf.DUMMYFUNCTION("""COMPUTED_VALUE"""),"Daniele Greca") -> Daniele Greca | F12: =IFERROR(__xludf.DUMMYFUNCTION("""COMPUTED_VALUE"""),20000.0) -> 20000 | K12: =IFERROR(__xludf.DUMMYFUNCTION("""COMPUTED_VALUE"""),"Francesco Fusco") -> Francesco Fusco | L12: =IFERROR(__xludf.DUMMYFUNCTION("""COMPUTED_VALUE"""),50000.0) -> 50000
B13: =IFERROR(__xludf.DUMMYFUNCTION("""COMPUTED_VALUE"""),"Angela Iadicicco") -> Angela Iadicicco | C13: =IFERROR(__xludf.DUMMYFUNCTION("""COMPUTED_VALUE"""),55000.0) -> 55000 | E13: =IFERROR(__xludf.DUMMYFUNCTION("""COMPUTED_VALUE"""),"Francesco Fusco") -> Francesco Fusco | F13: =IFERROR(__xludf.DUMMYFUNCTION("""COMPUTED_VALUE"""),15000.0) -> 15000 | K13: =IFERROR(__xludf.DUMMYFUNCTION("""COMPUTED_VALUE"""),"Gaetano Baiamonte") -> Gaetano Baiamonte | L13: =IFERROR(__xludf.DUMMYFUNCTION("""COMPUTED_VALUE"""),50000.0) -> 50000
B14: =IFERROR(__xludf.DUMMYFUNCTION("""COMPUTED_VALUE"""),"Riccardo Todaro") -> Riccardo Todaro | C14: =IFERROR(__xludf.DUMMYFUNCTION("""COMPUTED_VALUE"""),55000.0) -> 55000 | E14: =IFERROR(__xludf.DUMMYFUNCTION("""COMPUTED_VALUE"""),"Antonio Cirino") -> Antonio Cirino | F14: =IFERROR(__xludf.DUMMYFUNCTION("""COMPUTED_VALUE"""),15000.0) -> 15000 | K14: =IFERROR(__xludf.DUMMYFUNCTION("""COMPUTED_VALUE"""),"Gianfranco Colucci") -> Gianfranco Colucci | L14: =IFERROR(__xludf.DUMMYFUNCTION("""COMPUTED_VALUE"""),50000.0) -> 50000
B15: =IFERROR(__xludf.DUMMYFUNCTION("""COMPUTED_VALUE"""),"Alessandro Gallo") -> Alessandro Gallo | C15: =IFERROR(__xludf.DUMMYFUNCTION("""COMPUTED_VALUE"""),50000.0) -> 50000 | E15: =IFERROR(__xludf.DUMMYFUNCTION("""COMPUTED_VALUE"""),"Stefano Serra") -> Stefano Serra | F15: =IFERROR(__xludf.DUMMYFUNCTION("""COMPUTED_VALUE"""),10000.0) -> 10000 | K15: =IFERROR(__xludf.DUMMYFUNCTION("""COMPUTED_VALUE"""),"Klaus Trophobico") -> Klaus Trophobico | L15: =IFERROR(__xludf.DUMMYFUNCTION("""COMPUTED_VALUE"""),50000.0) -> 50000
B16: =IFERROR(__xludf.DUMMYFUNCTION("""COMPUTED_VALUE"""),"Alessio Chiarelli") -> Alessio Chiarelli | C16: =IFERROR(__xludf.DUMMYFUNCTION("""COMPUTED_VALUE"""),50000.0) -> 50000 | E16: =IFERROR(__xludf.DUMMYFUNCTION("""COMPUTED_VALUE"""),"Alessandro Ferrarese") -> Alessandro Ferrarese | F16: =IFERROR(__xludf.DUMMYFUNCTION("""COMPUTED_VALUE"""),10000.0) -> 10000 | K16: =IFERROR(__xludf.DUMMYFUNCTION("""COMPUTED_VALUE"""),"Loris Tigli") -> Loris Tigli | L16: =IFERROR(__xludf.DUMMYFUNCTION("""COMPUTED_VALUE"""),50000.0) -> 50000
B17: =IFERROR(__xludf.DUMMYFUNCTION("""COMPUTED_VALUE"""),"Klaus Trophobico") -> Klaus Trophobico | C17: =IFERROR(__xludf.DUMMYFUNCTION("""COMPUTED_VALUE"""),50000.0) -> 50000 | E17: =IFERROR(__xludf.DUMMYFUNCTION("""COMPUTED_VALUE"""),"Mario Bochicchio") -> Mario Bochicchio | F17: =IFERROR(__xludf.DUMMYFUNCTION("""COMPUTED_VALUE"""),10000.0) -> 10000 | K17: =IFERROR(__xludf.DUMMYFUNCTION("""COMPUTED_VALUE"""),"Luca Pedroletti") -> Luca Pedroletti | L17: =IFERROR(__xludf.DUMMYFUNCTION("""COMPUTED_VALUE"""),50000.0) -> 50000
B18: =IFERROR(__xludf.DUMMYFUNCTION("""COMPUTED_VALUE"""),"Nicola Putton") -> Nicola Putton | C18: =IFERROR(__xludf.DUMMYFUNCTION("""COMPUTED_VALUE"""),50000.0) -> 50000 | E18: =IFERROR(__xludf.DUMMYFUNCTION("""COMPUTED_VALUE"""),"Tizio Caio") -> Tizio Caio | F18: =IFERROR(__xludf.DUMMYFUNCTION("""COMPUTED_VALUE"""),10000.0) -> 10000 | K18: =IFERROR(__xludf.DUMMYFUNCTION("""COMPUTED_VALUE"""),"Nicola Madeddu") -> Nicola Madeddu | L18: =IFERROR(__xludf.DUMMYFUNCTION("""COMPUTED_VALUE"""),50000.0) -> 50000
E19: =IFERROR(__xludf.DUMMYFUNCTION("""COMPUTED_VALUE"""),"Riccardo Todaro") -> Riccardo Todaro | F19: =IFERROR(__xludf.DUMMYFUNCTION("""COMPUTED_VALUE"""),5000.0) -> 5000 | K19: =IFERROR(__xludf.DUMMYFUNCTION("""COMPUTED_VALUE"""),"Nicola Putton") -> Nicola Putton | L19: =IFERROR(__xludf.DUMMYFUNCTION("""COMPUTED_VALUE"""),50000.0) -> 50000
E20: =IFERROR(__xludf.DUMMYFUNCTION("""COMPUTED_VALUE"""),"Loris Tigli") -> Loris Tigli | F20: =IFERROR(__xludf.DUMMYFUNCTION("""COMPUTED_VALUE"""),5000.0) -> 5000 | K20: =IFERROR(__xludf.DUMMYFUNCTION("""COMPUTED_VALUE"""),"Paola Alessandra Pisani") -> Paola Alessandra Pisani | L20: =IFERROR(__xludf.DUMMYFUNCTION("""COMPUTED_VALUE"""),50000.0) -> 50000
E21: =IFERROR(__xludf.DUMMYFUNCTION("""COMPUTED_VALUE"""),"Angela Iadicicco") -> Angela Iadicicco | F21: =IFERROR(__xludf.DUMMYFUNCTION("""COMPUTED_VALUE"""),5000.0) -> 5000 | K21: =IFERROR(__xludf.DUMMYFUNCTION("""COMPUTED_VALUE"""),"Riccardo Todaro") -> Riccardo Todaro | L21: =IFERROR(__xludf.DUMMYFUNCTION("""COMPUTED_VALUE"""),50000.0) -> 50000
L22: =IFERROR(__xludf.DUMMYFUNCTION("""COMPUTED_VALUE"""),50000.0) -> 50000
L23: =IFERROR(__xludf.DUMMYFUNCTION("""COMPUTED_VALUE"""),50000.0) -> 50000
L24: =IFERROR(__xludf.DUMMYFUNCTION("""COMPUTED_VALUE"""),50000.0) -> 50000
L25: =IFERROR(__xludf.DUMMYFUNCTION("""COMPUTED_VALUE"""),50000.0) -> 50000
L26: =IFERROR(__xludf.DUMMYFUNCTION("""COMPUTED_VALUE"""),50000.0) -> 50000
L27: =IFERROR(__xludf.DUMMYFUNCTION("""COMPUTED_VALUE"""),50000.0) -> 50000
L28: =IFERROR(__xludf.DUMMYFUNCTION("""COMPUTED_VALUE"""),50000.0) -> 50000
L29: =IFERROR(__xludf.DUMMYFUNCTION("""COMPUTED_VALUE"""),50000.0) -> 50000
L30: =IFERROR(__xludf.DUMMYFUNCTION("""COMPUTED_VALUE"""),50000.0) -> 50000
L31: =IFERROR(__xludf.DUMMYFUNCTION("""COMPUTED_VALUE"""),50000.0) -> 50000
L32: =IFERROR(__xludf.DUMMYFUNCTION("""COMPUTED_VALUE"""),50000.0) -> 50000
L33: =IFERROR(__xludf.DUMMYFUNCTION("""COMPUTED_VALUE"""),50000.0) -> 50000
... L42: =IFERROR(__xludf.DUMMYFUNCTION("""COMPUTED_VALUE"""),50000.0) -> 50000

Sheet Bonus Fedeltà
B2: Concorso Aggiornato | C2: 10 | E2: SEMPRE PRESENTI
E3: Utente | F3: Strike 1 | G3: Strike 2 | H3: Premio
B4: Alessandro Casiraro | D4: 1 | E4: Alessandro Gallo | H4: 50000
B5: Alessandro Gallo | D5: 2 | E5: Alessio Chiarelli | H5: 50000
B6: Alessio Chiarelli | D6: 3 | H6: 50000
B7: Alessio Costulo | D7: 4 | E7: Angela Iadicicco | H7: 50000
B8: Alessio Marchegiani | D8: 5 | E8: Antonio Cirino | F8: X | H8: 50000
B9: Angela Iadicicco | D9: 6 | H9: 50000
B10: Antonio Cirino | D10: 7 | E10: Daniele Greca | H10: 50000
B11: Daniele Greca | D11: 8 | H11: 50000
B12: Francesco Fusco | D12: 9 | E12: Francesco Fusco | H12: 50000
B13: Gaetano Baiamonte | D13: 10 | E13: Gaetano Baiamonte | H13: 50000
B14: Gianfranco Colucci | D14: 11 | E14: Gianfranco Colucci | H14: 50000
B15: Klaus Trophobico | D15: 12 | E15: Klaus Trophobico | H15: 50000
B16: Loris Tigli | D16: 13 | E16: Loris Tigli | H16: 50000
B17: Luca Marchetti | D17: 14 | E17: Luca Pedroletti | H17: 50000
B18: Luca Pedroletti | D18: 15 | E18: Nicola Madeddu | H18: 50000
B19: Nicola Madeddu | D19: 16 | E19: Nicola Putton | H19: 50000
B20: Nicola Putton | D20: 17 | E20: Paola Alessandra Pisani | H20: 50000
B21: Paola Alessandra Pisani | D21: 18 | E21: Riccardo Todaro | H21: 50000
B22: Raffaele Zicolella | D22: 19 | H22: 50000
B23: Riccado Todaro | D23: 20 | H23: 50000
B24: Tizio Caio | D24: 21 | H24: 50000
D25: 22 | H25: 50000
D26: 23 | H26: 50000
D27: 24 | H27: 50000
D28: 25 | H28: 50000
D29: 26 | H29: 50000
D30: 27 | H30: 50000
D31: 28 | H31: 50000
D32: 29 | H32: 50000
D33: 30 | H33: 50000
D34: 31 | H34: 50000
D35: 32 | H35: 50000
D36: 33 | H36: 50000
... D42: 39 | H42: 50000

Sheet Classifiche e premi
B1: Classifica Generale | E1: Classifica Generale | H1: Concorsi settimanali | K1: Bonus Fedeltà | N1: Guadagni Totali | Q1: Guadagni Finali
B2: =IFERROR(__xludf.DUMMYFUNCTION("UNIQUE(QUERY('Classifiche settimanali'!C4:C536, ""select Col1 where Col1 is not null and Col1<>'Utente' and Col1<>'1' and Col1<>'2' and Col1<>'3' and Col1<>'4' and Col1<>'5' and Col1<>'6' and Col1<>'7' and Col1<>'8' and Col1<>'9' and Col1<>'10'""))"),"Riccardo Ricci") -> Riccardo Ricci | C2: =IF(B2<>"", SUMIF('Classifiche settimanali'!C:E,B2,'Classifiche settimanali'!D:D),"") -> 25 | E2: =IFERROR(__xludf.DUMMYFUNCTION("UNIQUE(QUERY('Classifiche settimanali'!I4:I536, ""select Col1 where Col1 is not null and Col1<>'Utente' and Col1<>'1' and Col1<>'2' and Col1<>'3' and Col1<>'4' and Col1<>'5' and Col1<>'6' and Col1<>'7' and Col1<>'8' and Col1<>'9' and Col1<>'10'""))"),"Squadra") -> Squadra | F2: =IF(E2<>"", SUMIF('Classifiche settimanali'!I:K,E2,'Classifiche settimanali'!J:J),"") -> 0 | H2: =IFERROR(__xludf.DUMMYFUNCTION("UNIQUE(QUERY('Classifiche settimanali'!B4:C536, ""select Col2 where Col1 > 0""))"),"Riccardo Ricci") -> Riccardo Ricci | I2: =IF(H2="","", SUMIF('Classifiche settimanali'!C:E,H2,'Classifiche settimanali'!B:B)) -> 20000 | K2: =IFERROR(__xludf.DUMMYFUNCTION("(QUERY('Bonus Fedeltà'!$E$4:$H536, ""select Col1, Col4""))"),"Alessandro Gallo") -> Alessandro Gallo | L2: =IFERROR(__xludf.DUMMYFUNCTION("""COMPUTED_VALUE"""),50000.0) -> 50000 | N2: =IFERROR(__xludf.DUMMYFUNCTION("UNIQUE(QUERY(K2:L100,""select Col1""))"),"Alessandro Gallo") -> Alessandro Gallo | O2: =IF(N2="","", SUMIF(Premi!$E$4:$E536,N2,Premi!$F$4:$F536) + SUMIF(Premi!$H$4:$H536,N2,Premi!$I$4:$I536) + SUMIF(Premi!$K$4:$K536,N2,Premi!$L$4:$L536)) -> 50000 | Q2: =IFERROR(__xludf.DUMMYFUNCTION("UNIQUE(QUERY(N2:O100,""select Col1,Col2""))"),"Alessandro Gallo") -> Alessandro Gallo | R2: =IFERROR(__xludf.DUMMYFUNCTION("""COMPUTED_VALUE"""),50000.0) -> 50000
B3: =IFERROR(__xludf.DUMMYFUNCTION("""COMPUTED_VALUE"""),"Stefano Serra") -> Stefano Serra | C3: =IF(B3<>"", SUMIF('Classifiche settimanali'!C:E,B3,'Classifiche settimanali'!D:D),"") -> 20 | E3: =IFERROR(__xludf.DUMMYFUNCTION("""COMPUTED_VALUE"""),"Cremonese") -> Cremonese | F3: =IF(E3<>"", SUMIF('Classifiche settimanali'!I:K,E3,'Classifiche settimanali'!J:J),"") -> 26 | H3: =IFERROR(__xludf.DUMMYFUNCTION("""COMPUTED_VALUE"""),"Stefano Serra") -> Stefano Serra | I3: =IF(H3="","", SUMIF('Classifiche settimanali'!C:E,H3,'Classifiche settimanali'!B:B)) -> 10000 | K3: =IFERROR(__xludf.DUMMYFUNCTION("""COMPUTED_VALUE"""),"Alessio Chiarelli") -> Alessio Chiarelli | L3: =IFERROR(__xludf.DUMMYFUNCTION("""COMPUTED_VALUE"""),50000.0) -> 50000 | N3: =IFERROR(__xludf.DUMMYFUNCTION("""COMPUTED_VALUE"""),"Alessio Chiarelli") -> Alessio Chiarelli | O3: =IF(N3="","", SUMIF(Premi!$E$4:$E536,N3,Premi!$F$4:$F536) + SUMIF(Premi!$H$4:$H536,N3,Premi!$I$4:$I536) + SUMIF(Premi!$K$4:$K536,N3,Premi!$L$4:$L536)) -> 50000 | Q3: =IFERROR(__xludf.DUMMYFUNCTION("""COMPUTED_VALUE"""),"Alessio Chiarelli") -> Alessio Chiarelli | R3: =IFERROR(__xludf.DUMMYFUNCTION("""COMPUTED_VALUE"""),50000.0) -> 50000
B4: =IFERROR(__xludf.DUMMYFUNCTION("""COMPUTED_VALUE"""),"Raffaele Zicolella") -> Raffaele Zicolella | C4: =IF(B4<>"", SUMIF('Classifiche settimanali'!C:E,B4,'Classifiche settimanali'!D:D),"") -> 47 | E4: =IFERROR(__xludf.DUMMYFUNCTION("""COMPUTED_VALUE"""),"Padova") -> Padova | F4: =IF(E4<>"", SUMIF('Classifiche settimanali'!I:K,E4,'Classifiche settimanali'!J:J),"") -> 42 | H4: =IFERROR(__xludf.DUMMYFUNCTION("""COMPUTED_VALUE"""),"Raffaele Zicolella") -> Raffaele Zicolella | I4: =IF(H4="","", SUMIF('Classifiche settimanali'!C:E,H4,'Classifiche settimanali'!B:B)) -> 25000 | L4: =IFERROR(__xludf.DUMMYFUNCTION("""COMPUTED_VALUE"""),50000.0) -> 50000 | O4: =IF(N4="","", SUMIF(Premi!$E$4:$E536,N4,Premi!$F$4:$F536) + SUMIF(Premi!$H$4:$H536,N4,Premi!$I$4:$I536) + SUMIF(Premi!$K$4:$K536,N4,Premi!$L$4:$L536))
B5: =IFERROR(__xludf.DUMMYFUNCTION("""COMPUTED_VALUE"""),"Daniele Dottori") -> Daniele Dottori | C5: =IF(B5<>"", SUMIF('Classifiche settimanali'!C:E,B5,'Classifiche settimanali'!D:D),"") -> 19 | E5: =IFERROR(__xludf.DUMMYFUNCTION("""COMPUTED_VALUE"""),"Como") -> Como | F5: =IF(E5<>"", SUMIF('Classifiche settimanali'!I:K,E5,'Classifiche settimanali'!J:J),"") -> 16 | H5: =IFERROR(__xludf.DUMMYFUNCTION("""COMPUTED_VALUE"""),"Gaetano Baiamonte") -> Gaetano Baiamonte | I5: =IF(H5="","", SUMIF('Classifiche settimanali'!C:E,H5,'Classifiche settimanali'!B:B)) -> 55000 | K5: =IFERROR(__xludf.DUMMYFUNCTION("""COMPUTED_VALUE"""),"Angela Iadicicco") -> Angela Iadicicco | L5: =IFERROR(__xludf.DUMMYFUNCTION("""COMPUTED_VALUE"""),50000.0) -> 50000 | N5: =IFERROR(__xludf.DUMMYFUNCTION("""COMPUTED_VALUE"""),"Angela Iadicicco") -> Angela Iadicicco | O5: =IF(N5="","", SUMIF(Premi!$E$4:$E536,N5,Premi!$F$4:$F536) + SUMIF(Premi!$H$4:$H536,N5,Premi!$I$4:$I536) + SUMIF(Premi!$K$4:$K536,N5,Premi!$L$4:$L536)) -> 55000 | Q5: =IFERROR(__xludf.DUMMYFUNCTION("""COMPUTED_VALUE"""),"Angela Iadicicco") -> Angela Iadicicco | R5: =IFERROR(__xludf.DUMMYFUNCTION("""COMPUTED_VALUE"""),55000.0) -> 55000
B6: =IFERROR(__xludf.DUMMYFUNCTION("""COMPUTED_VALUE"""),"Nicola Putton") -> Nicola Putton | C6: =IF(B6<>"", SUMIF('Classifiche settimanali'!C:E,B6,'Classifiche settimanali'!D:D),"") -> 27 | E6: =IFERROR(__xludf.DUMMYFUNCTION("""COMPUTED_VALUE"""),"Mantova") -> Mantova | F6: =IF(E6<>"", SUMIF('Classifiche settimanali'!I:K,E6,'Classifiche settimanali'!J:J),"") -> 51 | H6: =IFERROR(__xludf.DUMMYFUNCTION("""COMPUTED_VALUE"""),"Nicola Madeddu") -> Nicola Madeddu | I6: =IF(H6="","", SUMIF('Classifiche settimanali'!C:E,H6,'Classifiche settimanali'!B:B)) -> 50000 | K6: =IFERROR(__xludf.DUMMYFUNCTION("""COMPUTED_VALUE"""),"Antonio Cirino") -> Antonio Cirino | L6: =IFERROR(__xludf.DUMMYFUNCTION("""COMPUTED_VALUE"""),50000.0) -> 50000 | N6: =IFERROR(__xludf.DUMMYFUNCTION("""COMPUTED_VALUE"""),"Antonio Cirino") -> Antonio Cirino | O6: =IF(N6="","", SUMIF(Premi!$E$4:$E536,N6,Premi!$F$4:$F536) + SUMIF(Premi!$H$4:$H536,N6,Premi!$I$4:$I536) + SUMIF(Premi!$K$4:$K536,N6,Premi!$L$4:$L536)) -> 65000 | Q6: =IFERROR(__xludf.DUMMYFUNCTION("""COMPUTED_VALUE"""),"Antonio Cirino") -> Antonio Cirino | R6: =IFERROR(__xludf.DUMMYFUNCTION("""COMPUTED_VALUE"""),65000.0) -> 65000
B7: =IFERROR(__xludf.DUMMYFUNCTION("""COMPUTED_VALUE"""),"Gaetano Baiamonte") -> Gaetano Baiamonte | C7: =IF(B7<>"", SUMIF('Classifiche settimanali'!C:E,B7,'Classifiche settimanali'!D:D),"") -> 95 | E7: =IFERROR(__xludf.DUMMYFUNCTION("""COMPUTED_VALUE"""),"Garda") -> Garda | F7: =IF(E7<>"", SUMIF('Classifiche settimanali'!I:K,E7,'Classifiche settimanali'!J:J),"") -> 35 | H7: =IFERROR(__xludf.DUMMYFUNCTION("""COMPUTED_VALUE"""),"Luca Pedroletti") -> Luca Pedroletti | I7: =IF(H7="","", SUMIF('Classifiche settimanali'!C:E,H7,'Classifiche settimanali'!B:B)) -> 25000 | L7: =IFERROR(__xludf.DUMMYFUNCTION("""COMPUTED_VALUE"""),50000.0) -> 50000 | N7: =IFERROR(__xludf.DUMMYFUNCTION("""COMPUTED_VALUE"""),"Daniele Greca") -> Daniele Greca | O7: =IF(N7="","", SUMIF(Premi!$E$4:$E536,N7,Premi!$F$4:$F536) + SUMIF(Premi!$H$4:$H536,N7,Premi!$I$4:$I536) + SUMIF(Premi!$K$4:$K536,N7,Premi!$L$4:$L536)) -> 70000 | Q7: =IFERROR(__xludf.DUMMYFUNCTION("""COMPUTED_VALUE"""),"Daniele Greca") -> Daniele Greca | R7: =IFERROR(__xludf.DUMMYFUNCTION("""COMPUTED_VALUE"""),70000.0) -> 70000
B8: =IFERROR(__xludf.DUMMYFUNCTION("""COMPUTED_VALUE"""),"Alessandro Casiraro") -> Alessandro Casiraro | C8: =IF(B8<>"", SUMIF('Classifiche settimanali'!C:E,B8,'Classifiche settimanali'!D:D),"") -> 44 | E8: =IFERROR(__xludf.DUMMYFUNCTION("""COMPUTED_VALUE"""),"RavennaZ") -> RavennaZ | F8: =IF(E8<>"", SUMIF('Classifiche settimanali'!I:K,E8,'Classifiche settimanali'!J:J),"") -> 178 | H8: =IFERROR(__xludf.DUMMYFUNCTION("""COMPUTED_VALUE"""),"Gianfranco Colucci") -> Gianfranco Colucci | I8: =IF(H8="","", SUMIF('Classifiche settimanali'!C:E,H8,'Classifiche settimanali'!B:B)) -> 20000 | K8: =IFERROR(__xludf.DUMMYFUNCTION("""COMPUTED_VALUE"""),"Daniele Greca") -> Daniele Greca | L8: =IFERROR(__xludf.DUMMYFUNCTION("""COMPUTED_VALUE"""),50000.0) -> 50000 | N8: =IFERROR(__xludf.DUMMYFUNCTION("""COMPUTED_VALUE"""),"Francesco Fusco") -> Francesco Fusco | O8: =IF(N8="","", SUMIF(Premi!$E$4:$E536,N8,Premi!$F$4:$F536) + SUMIF(Premi!$H$4:$H536,N8,Premi!$I$4:$I536) + SUMIF(Premi!$K$4:$K536,N8,Premi!$L$4:$L536)) -> 105000 | Q8: =IFERROR(__xludf.DUMMYFUNCTION("""COMPUTED_VALUE"""),"Francesco Fusco") -> Francesco Fusco | R8: =IFERROR(__xludf.DUMMYFUNCTION("""COMPUTED_VALUE"""),105000.0) -> 105000
B9: =IFERROR(__xludf.DUMMYFUNCTION("""COMPUTED_VALUE"""),"Nicola Madeddu") -> Nicola Madeddu | C9: =IF(B9<>"", SUMIF('Classifiche settimanali'!C:E,B9,'Classifiche settimanali'!D:D),"") -> 125 | E9: =IFERROR(__xludf.DUMMYFUNCTION("""COMPUTED_VALUE"""),"Catanzaro") -> Catanzaro | F9: =IF(E9<>"", SUMIF('Classifiche settimanali'!I:K,E9,'Classifiche settimanali'!J:J),"") -> 49 | H9: =IFERROR(__xludf.DUMMYFUNCTION("""COMPUTED_VALUE"""),"Alessandro Ferrarese") -> Alessandro Ferrarese | I9: =IF(H9="","", SUMIF('Classifiche settimanali'!C:E,H9,'Classifiche settimanali'!B:B)) -> 10000 | L9: =IFERROR(__xludf.DUMMYFUNCTION("""COMPUTED_VALUE"""),50000.0) -> 50000 | N9: =IFERROR(__xludf.DUMMYFUNCTION("""COMPUTED_VALUE"""),"Gaetano Baiamonte") -> Gaetano Baiamonte | O9: =IF(N9="","", SUMIF(Premi!$E$4:$E536,N9,Premi!$F$4:$F536) + SUMIF(Premi!$H$4:$H536,N9,Premi!$I$4:$I536) + SUMIF(Premi!$K$4:$K536,N9,Premi!$L$4:$L536)) -> 255000 | Q9: =IFERROR(__xludf.DUMMYFUNCTION("""COMPUTED_VALUE"""),"Gaetano Baiamonte") -> Gaetano Baiamonte | R9: =IFERROR(__xludf.DUMMYFUNCTION("""COMPUTED_VALUE"""),255000.0) -> 255000
B10: =IFERROR(__xludf.DUMMYFUNCTION("""COMPUTED_VALUE"""),"Tizio Caio") -> Tizio Caio | C10: =IF(B10<>"", SUMIF('Classifiche settimanali'!C:E,B10,'Classifiche settimanali'!D:D),"") -> 55 | E10: =IFERROR(__xludf.DUMMYFUNCTION("""COMPUTED_VALUE"""),"Cervia") -> Cervia | F10: =IF(E10<>"", SUMIF('Classifiche settimanali'!I:K,E10,'Classifiche settimanali'!J:J),"") -> 63 | H10: =IFERROR(__xludf.DUMMYFUNCTION("""COMPUTED_VALUE"""),"Alessandro Casiraro") -> Alessandro Casiraro | I10: =IF(H10="","", SUMIF('Classifiche settimanali'!C:E,H10,'Classifiche settimanali'!B:B)) -> 20000 | K10: =IFERROR(__xludf.DUMMYFUNCTION("""COMPUTED_VALUE"""),"Francesco Fusco") -> Francesco Fusco | L10: =IFERROR(__xludf.DUMMYFUNCTION("""COMPUTED_VALUE"""),50000.0) -> 50000 | N10: =IFERROR(__xludf.DUMMYFUNCTION("""COMPUTED_VALUE"""),"Gianfranco Colucci") -> Gianfranco Colucci | O10: =IF(N10="","", SUMIF(Premi!$E$4:$E536,N10,Premi!$F$4:$F536) + SUMIF(Premi!$H$4:$H536,N10,Premi!$I$4:$I536) + SUMIF(Premi!$K$4:$K536,N10,Premi!$L$4:$L536)) -> 170000 | Q10: =IFERROR(__xludf.DUMMYFUNCTION("""COMPUTED_VALUE"""),"Gianfranco Colucci") -> Gianfranco Colucci | R10: =IFERROR(__xludf.DUMMYFUNCTION("""COMPUTED_VALUE"""),170000.0) -> 170000
B11: =IFERROR(__xludf.DUMMYFUNCTION("""COMPUTED_VALUE"""),"Luca Pedroletti") -> Luca Pedroletti | C11: =IF(B11<>"", SUMIF('Classifiche settimanali'!C:E,B11,'Classifiche settimanali'!D:D),"") -> 63 | E11: =IFERROR(__xludf.DUMMYFUNCTION("""COMPUTED_VALUE"""),"Reggina") -> Reggina | F11: =IF(E11<>"", SUMIF('Classifiche settimanali'!I:K,E11,'Classifiche settimanali'!J:J),"") -> 72 | H11: =IFERROR(__xludf.DUMMYFUNCTION("""COMPUTED_VALUE"""),"Riccardo Todaro") -> Riccardo Todaro | I11: =IF(H11="","", SUMIF('Classifiche settimanali'!C:E,H11,'Classifiche settimanali'!B:B)) -> 5000 | K11: =IFERROR(__xludf.DUMMYFUNCTION("""COMPUTED_VALUE"""),"Gaetano Baiamonte") -> Gaetano Baiamonte | L11: =IFERROR(__xludf.DUMMYFUNCTION("""COMPUTED_VALUE"""),50000.0) -> 50000 | N11: =IFERROR(__xludf.DUMMYFUNCTION("""COMPUTED_VALUE"""),"Klaus Trophobico") -> Klaus Trophobico | O11: =IF(N11="","", SUMIF(Premi!$E$4:$E536,N11,Premi!$F$4:$F536) + SUMIF(Premi!$H$4:$H536,N11,Premi!$I$4:$I536) + SUMIF(Premi!$K$4:$K536,N11,Premi!$L$4:$L536)) -> 50000 | Q11: =IFERROR(__xludf.DUMMYFUNCTION("""COMPUTED_VALUE"""),"Klaus Trophobico") -> Klaus Trophobico | R11: =IFERROR(__xludf.DUMMYFUNCTION("""COMPUTED_VALUE"""),50000.0) -> 50000
B12: =IFERROR(__xludf.DUMMYFUNCTION("""COMPUTED_VALUE"""),"Alessandro Gallo") -> Alessandro Gallo | C12: =IF(B12<>"", SUMIF('Classifiche settimanali'!C:E,B12,'Classifiche settimanali'!D:D),"") -> 30 | E12: =IFERROR(__xludf.DUMMYFUNCTION("""COMPUTED_VALUE"""),"Torino") -> Torino | F12: =IF(E12<>"", SUMIF('Classifiche settimanali'!I:K,E12,'Classifiche settimanali'!J:J),"") -> 48 | H12: =IFERROR(__xludf.DUMMYFUNCTION("""COMPUTED_VALUE"""),"Daniele Greca") -> Daniele Greca | I12: =IF(H12="","", SUMIF('Classifiche settimanali'!C:E,H12,'Classifiche settimanali'!B:B)) -> 20000 | K12: =IFERROR(__xludf.DUMMYFUNCTION("""COMPUTED_VALUE"""),"Gianfranco Colucci") -> Gianfranco Colucci | L12: =IFERROR(__xludf.DUMMYFUNCTION("""COMPUTED_VALUE"""),50000.0) -> 50000 | N12: =IFERROR(__xludf.DUMMYFUNCTION("""COMPUTED_VALUE"""),"Loris Tigli") -> Loris Tigli | O12: =IF(N12="","", SUMIF(Premi!$E$4:$E536,N12,Premi!$F$4:$F536) + SUMIF(Premi!$H$4:$H536,N12,Premi!$I$4:$I536) + SUMIF(Premi!$K$4:$K536,N12,Premi!$L$4:$L536)) -> 105000 | Q12: =IFERROR(__xludf.DUMMYFUNCTION("""COMPUTED_VALUE"""),"Loris Tigli") -> Loris Tigli | R12: =IFERROR(__xludf.DUMMYFUNCTION("""COMPUTED_VALUE"""),105000.0) -> 105000
B13: =IFERROR(__xludf.DUMMYFUNCTION("""COMPUTED_VALUE"""),"Gianfranco Colucci") -> Gianfranco Colucci | C13: =IF(B13<>"", SUMIF('Classifiche settimanali'!C:E,B13,'Classifiche settimanali'!D:D),"") -> 66 | E13: =IFERROR(__xludf.DUMMYFUNCTION("""COMPUTED_VALUE"""),"Bologna") -> Bologna | F13: =IF(E13<>"", SUMIF('Classifiche settimanali'!I:K,E13,'Classifiche settimanali'!J:J),"") -> 105 | H13: =IFERROR(__xludf.DUMMYFUNCTION("""COMPUTED_VALUE"""),"Mario Bochicchio") -> Mario Bochicchio | I13: =IF(H13="","", SUMIF('Classifiche settimanali'!C:E,H13,'Classifiche settimanali'!B:B)) -> 10000 | K13: =IFERROR(__xludf.DUMMYFUNCTION("""COMPUTED_VALUE"""),"Klaus Trophobico") -> Klaus Trophobico | L13: =IFERROR(__xludf.DUMMYFUNCTION("""COMPUTED_VALUE"""),50000.0) -> 50000 | N13: =IFERROR(__xludf.DUMMYFUNCTION("""COMPUTED_VALUE"""),"Luca Pedroletti") -> Luca Pedroletti | O13: =IF(N13="","", SUMIF(Premi!$E$4:$E536,N13,Premi!$F$4:$F536) + SUMIF(Premi!$H$4:$H536,N13,Premi!$I$4:$I536) + SUMIF(Premi!$K$4:$K536,N13,Premi!$L$4:$L536)) -> 145000 | Q13: =IFERROR(__xludf.DUMMYFUNCTION("""COMPUTED_VALUE"""),"Luca Pedroletti") -> Luca Pedroletti | R13: =IFERROR(__xludf.DUMMYFUNCTION("""COMPUTED_VALUE"""),145000.0) -> 145000
B14: =IFERROR(__xludf.DUMMYFUNCTION("""COMPUTED_VALUE"""),"Angela Iadicicco") -> Angela Iadicicco | C14: =IF(B14<>"", SUMIF('Classifiche settimanali'!C:E,B14,'Classifiche settimanali'!D:D),"") -> 43 | E14: =IFERROR(__xludf.DUMMYFUNCTION("""COMPUTED_VALUE"""),"Mambo") -> Mambo | F14: =IF(E14<>"", SUMIF('Classifiche settimanali'!I:K,E14,'Classifiche settimanali'!J:J),"") -> 75 | H14: =IFERROR(__xludf.DUMMYFUNCTION("""COMPUTED_VALUE"""),"Francesco Fusco") -> Francesco Fusco | I14: =IF(H14="","", SUMIF('Classifiche settimanali'!C:E,H14,'Classifiche settimanali'!B:B)) -> 15000 | K14: =IFERROR(__xludf.DUMMYFUNCTION("""COMPUTED_VALUE"""),"Loris Tigli") -> Loris Tigli | L14: =IFERROR(__xludf.DUMMYFUNCTION("""COMPUTED_VALUE"""),50000.0) -> 50000 | N14: =IFERROR(__xludf.DUMMYFUNCTION("""COMPUTED_VALUE"""),"Nicola Madeddu") -> Nicola Madeddu | O14: =IF(N14="","", SUMIF(Premi!$E$4:$E536,N14,Premi!$F$4:$F536) + SUMIF(Premi!$H$4:$H536,N14,Premi!$I$4:$I536) + SUMIF(Premi!$K$4:$K536,N14,Premi!$L$4:$L536)) -> 300000 | Q14: =IFERROR(__xludf.DUMMYFUNCTION("""COMPUTED_VALUE"""),"Nicola Madeddu") -> Nicola Madeddu | R14: =IFERROR(__xludf.DUMMYFUNCTION("""COMPUTED_VALUE"""),300000.0) -> 300000
B15: =IFERROR(__xludf.DUMMYFUNCTION("""COMPUTED_VALUE"""),"Alessio Marchegiani") -> Alessio Marchegiani | C15: =IF(B15<>"", SUMIF('Classifiche settimanali'!C:E,B15,'Classifiche settimanali'!D:D),"") -> 25 | E15: =IFERROR(__xludf.DUMMYFUNCTION("""COMPUTED_VALUE"""),"Parma") -> Parma | F15: =IF(E15<>"", SUMIF('Classifiche settimanali'!I:K,E15,'Classifiche settimanali'!J:J),"") -> 34 | H15: =IFERROR(__xludf.DUMMYFUNCTION("""COMPUTED_VALUE"""),"Paola Alessandra Pisani") -> Paola Alessandra Pisani | I15: =IF(H15="","", SUMIF('Classifiche settimanali'!C:E,H15,'Classifiche settimanali'!B:B)) -> 30000 | K15: =IFERROR(__xludf.DUMMYFUNCTION("""COMPUTED_VALUE"""),"Luca Pedroletti") -> Luca Pedroletti | L15: =IFERROR(__xludf.DUMMYFUNCTION("""COMPUTED_VALUE"""),50000.0) -> 50000 | N15: =IFERROR(__xludf.DUMMYFUNCTION("""COMPUTED_VALUE"""),"Nicola Putton") -> Nicola Putton | O15: =IF(N15="","", SUMIF(Premi!$E$4:$E536,N15,Premi!$F$4:$F536) + SUMIF(Premi!$H$4:$H536,N15,Premi!$I$4:$I536) + SUMIF(Premi!$K$4:$K536,N15,Premi!$L$4:$L536)) -> 50000 | Q15: =IFERROR(__xludf.DUMMYFUNCTION("""COMPUTED_VALUE"""),"Nicola Putton") -> Nicola Putton | R15: =IFERROR(__xludf.DUMMYFUNCTION("""COMPUTED_VALUE"""),50000.0) -> 50000
B16: =IFERROR(__xludf.DUMMYFUNCTION("""COMPUTED_VALUE"""),"Davide Costarella") -> Davide Costarella | C16: =IF(B16<>"", SUMIF('Classifiche settimanali'!C:E,B16,'Classifiche settimanali'!D:D),"") -> 1 | E16: =IFERROR(__xludf.DUMMYFUNCTION("""COMPUTED_VALUE"""),"Entella") -> Entella | F16: =IF(E16<>"", SUMIF('Classifiche settimanali'!I:K,E16,'Classifiche settimanali'!J:J),"") -> 4 | H16: =IFERROR(__xludf.DUMMYFUNCTION("""COMPUTED_VALUE"""),"Loris Tigli") -> Loris Tigli | I16: =IF(H16="","", SUMIF('Classifiche settimanali'!C:E,H16,'Classifiche settimanali'!B:B)) -> 5000 | K16: =IFERROR(__xludf.DUMMYFUNCTION("""COMPUTED_VALUE"""),"Nicola Madeddu") -> Nicola Madeddu | L16: =IFERROR(__xludf.DUMMYFUNCTION("""COMPUTED_VALUE"""),50000.0) -> 50000 | N16: =IFERROR(__xludf.DUMMYFUNCTION("""COMPUTED_VALUE"""),"Paola Alessandra Pisani") -> Paola Alessandra Pisani | O16: =IF(N16="","", SUMIF(Premi!$E$4:$E536,N16,Premi!$F$4:$F536) + SUMIF(Premi!$H$4:$H536,N16,Premi!$I$4:$I536) + SUMIF(Premi!$K$4:$K536,N16,Premi!$L$4:$L536)) -> 110000 | Q16: =IFERROR(__xludf.DUMMYFUNCTION("""COMPUTED_VALUE"""),"Paola Alessandra Pisani") -> Paola Alessandra Pisani | R16: =IFERROR(__xludf.DUMMYFUNCTION("""COMPUTED_VALUE"""),110000.0) -> 110000
B17: =IFERROR(__xludf.DUMMYFUNCTION("""COMPUTED_VALUE"""),"Alessandro Ferrarese") -> Alessandro Ferrarese | C17: =IF(B17<>"", SUMIF('Classifiche settimanali'!C:E,B17,'Classifiche settimanali'!D:D),"") -> 20 | E17: =IFERROR(__xludf.DUMMYFUNCTION("""COMPUTED_VALUE"""),"Progetto Gaming") -> Progetto Gaming | F17: =IF(E17<>"", SUMIF('Classifiche settimanali'!I:K,E17,'Classifiche settimanali'!J:J),"") -> 79 | H17: =IFERROR(__xludf.DUMMYFUNCTION("""COMPUTED_VALUE"""),"Antonio Cirino") -> Antonio Cirino | I17: =IF(H17="","", SUMIF('Classifiche settimanali'!C:E,H17,'Classifiche settimanali'!B:B)) -> 15000 | K17: =IFERROR(__xludf.DUMMYFUNCTION("""COMPUTED_VALUE"""),"Nicola Putton") -> Nicola Putton | L17: =IFERROR(__xludf.DUMMYFUNCTION("""COMPUTED_VALUE"""),50000.0) -> 50000 | N17: =IFERROR(__xludf.DUMMYFUNCTION("""COMPUTED_VALUE"""),"Riccardo Todaro") -> Riccardo Todaro | O17: =IF(N17="","", SUMIF(Premi!$E$4:$E536,N17,Premi!$F$4:$F536) + SUMIF(Premi!$H$4:$H536,N17,Premi!$I$4:$I536) + SUMIF(Premi!$K$4:$K536,N17,Premi!$L$4:$L536)) -> 55000 | Q17: =IFERROR(__xludf.DUMMYFUNCTION("""COMPUTED_VALUE"""),"Riccardo Todaro") -> Riccardo Todaro | R17: =IFERROR(__xludf.DUMMYFUNCTION("""COMPUTED_VALUE"""),55000.0) -> 55000
B18: =IFERROR(__xludf.DUMMYFUNCTION("""COMPUTED_VALUE"""),"Klaus Trophobico") -> Klaus Trophobico | C18: =IF(B18<>"", SUMIF('Classifiche settimanali'!C:E,B18,'Classifiche settimanali'!D:D),"") -> 27 | E18: =IFERROR(__xludf.DUMMYFUNCTION("""COMPUTED_VALUE"""),"Chievo") -> Chievo | F18: =IF(E18<>"", SUMIF('Classifiche settimanali'!I:K,E18,'Classifiche settimanali'!J:J),"") -> 30 | H18: =IFERROR(__xludf.DUMMYFUNCTION("""COMPUTED_VALUE"""),"Angela Iadicicco") -> Angela Iadicicco | I18: =IF(H18="","", SUMIF('Classifiche settimanali'!C:E,H18,'Classifiche settimanali'!B:B)) -> 5000 | K18: =IFERROR(__xludf.DUMMYFUNCTION("""COMPUTED_VALUE"""),"Paola Alessandra Pisani") -> Paola Alessandra Pisani | L18: =IFERROR(__xludf.DUMMYFUNCTION("""COMPUTED_VALUE"""),50000.0) -> 50000 | O18: =IF(N18="","", SUMIF(Premi!$E$4:$E536,N18,Premi!$F$4:$F536) + SUMIF(Premi!$H$4:$H536,N18,Premi!$I$4:$I536) + SUMIF(Premi!$K$4:$K536,N18,Premi!$L$4:$L536))
B19: =IFERROR(__xludf.DUMMYFUNCTION("""COMPUTED_VALUE"""),"Edoardo Marzulli") -> Edoardo Marzulli | C19: =IF(B19<>"", SUMIF('Classifiche settimanali'!C:E,B19,'Classifiche settimanali'!D:D),"") -> 11 | E19: =IFERROR(__xludf.DUMMYFUNCTION("""COMPUTED_VALUE"""),"Livorno") -> Livorno | F19: =IF(E19<>"", SUMIF('Classifiche settimanali'!I:K,E19,'Classifiche settimanali'!J:J),"") -> 20 | H19: =IFERROR(__xludf.DUMMYFUNCTION("""COMPUTED_VALUE"""),"Tizio Caio") -> Tizio Caio | I19: =IF(H19="","", SUMIF('Classifiche settimanali'!C:E,H19,'Classifiche settimanali'!B:B)) -> 10000 | K19: =IFERROR(__xludf.DUMMYFUNCTION("""COMPUTED_VALUE"""),"Riccardo Todaro") -> Riccardo Todaro | L19: =IFERROR(__xludf.DUMMYFUNCTION("""COMPUTED_VALUE"""),50000.0) -> 50000 | O19: =IF(N19="","", SUMIF(Premi!$E$4:$E536,N19,Premi!$F$4:$F536) + SUMIF(Premi!$H$4:$H536,N19,Premi!$I$4:$I536) + SUMIF(Premi!$K$4:$K536,N19,Premi!$L$4:$L536))
B20: =IFERROR(__xludf.DUMMYFUNCTION("""COMPUTED_VALUE"""),"Francesco Siciliano") -> Francesco Siciliano | C20: =IF(B20<>"", SUMIF('Classifiche settimanali'!C:E,B20,'Classifiche settimanali'!D:D),"") -> 8 | E20: =IFERROR(__xludf.DUMMYFUNCTION("""COMPUTED_VALUE"""),"Modena") -> Modena | F20: =IF(E20<>"", SUMIF('Classifiche settimanali'!I:K,E20,'Classifiche settimanali'!J:J),"") -> 11 | I20: =IF(H20="","", SUMIF('Classifiche settimanali'!C:E,H20,'Classifiche settimanali'!B:B)) | L20: =IFERROR(__xludf.DUMMYFUNCTION("""COMPUTED_VALUE"""),50000.0) -> 50000 | O20: =IF(N20="","", SUMIF(Premi!$E$4:$E536,N20,Premi!$F$4:$F536) + SUMIF(Premi!$H$4:$H536,N20,Premi!$I$4:$I536) + SUMIF(Premi!$K$4:$K536,N20,Premi!$L$4:$L536))
B21: =IFERROR(__xludf.DUMMYFUNCTION("""COMPUTED_VALUE"""),"Alessio Costulo") -> Alessio Costulo | C21: =IF(B21<>"", SUMIF('Classifiche settimanali'!C:E,B21,'Classifiche settimanali'!D:D),"") -> 14 | E21: =IFERROR(__xludf.DUMMYFUNCTION("""COMPUTED_VALUE"""),"VP") -> VP | F21: =IF(E21<>"", SUMIF('Classifiche settimanali'!I:K,E21,'Classifiche settimanali'!J:J),"") -> 8 | H21: =IFERROR(__xludf.DUMMYFUNCTION("""COMPUTED_VALUE"""),"#REF!") -> #REF! | I21: =IF(H21="","", SUMIF('Classifiche settimanali'!C:E,H21,'Classifiche settimanali'!B:B)) -> 140000 | L21: =IFERROR(__xludf.DUMMYFUNCTION("""COMPUTED_VALUE"""),50000.0) -> 50000 | O21: =IF(N21="","", SUMIF(Premi!$E$4:$E536,N21,Premi!$F$4:$F536) + SUMIF(Premi!$H$4:$H536,N21,Premi!$I$4:$I536) + SUMIF(Premi!$K$4:$K536,N21,Premi!$L$4:$L536))
B22: =IFERROR(__xludf.DUMMYFUNCTION("""COMPUTED_VALUE"""),"Marco Bortolotti") -> Marco Bortolotti | C22: =IF(B22<>"", SUMIF('Classifiche settimanali'!C:E,B22,'Classifiche settimanali'!D:D),"") -> 2 | E22: =IFERROR(__xludf.DUMMYFUNCTION("""COMPUTED_VALUE"""),"Piacenza") -> Piacenza | F22: =IF(E22<>"", SUMIF('Classifiche settimanali'!I:K,E22,'Classifiche settimanali'!J:J),"") -> 2 | I22: =IF(H22="","", SUMIF('Classifiche settimanali'!C:E,H22,'Classifiche settimanali'!B:B)) | L22: =IFERROR(__xludf.DUMMYFUNCTION("""COMPUTED_VALUE"""),50000.0) -> 50000 | O22: =IF(N22="","", SUMIF(Premi!$E$4:$E536,N22,Premi!$F$4:$F536) + SUMIF(Premi!$H$4:$H536,N22,Premi!$I$4:$I536) + SUMIF(Premi!$K$4:$K536,N22,Premi!$L$4:$L536))
B23: =IFERROR(__xludf.DUMMYFUNCTION("""COMPUTED_VALUE"""),"Riccardo Todaro") -> Riccardo Todaro | C23: =IF(B23<>"", SUMIF('Classifiche settimanali'!C:E,B23,'Classifiche settimanali'!D:D),"") -> 30 | E23: =IFERROR(__xludf.DUMMYFUNCTION("""COMPUTED_VALUE"""),"Alessandria") -> Alessandria | F23: =IF(E23<>"", SUMIF('Classifiche settimanali'!I:K,E23,'Classifiche settimanali'!J:J),"") -> 39 | I23: =IF(H23="","", SUMIF('Classifiche settimanali'!C:E,H23,'Classifiche settimanali'!B:B)) | L23: =IFERROR(__xludf.DUMMYFUNCTION("""COMPUTED_VALUE"""),50000.0) -> 50000 | O23: =IF(N23="","", SUMIF(Premi!$E$4:$E536,N23,Premi!$F$4:$F536) + SUMIF(Premi!$H$4:$H536,N23,Premi!$I$4:$I536) + SUMIF(Premi!$K$4:$K536,N23,Premi!$L$4:$L536))
B24: =IFERROR(__xludf.DUMMYFUNCTION("""COMPUTED_VALUE"""),"Loris Tigli") -> Loris Tigli | C24: =IF(B24<>"", SUMIF('Classifiche settimanali'!C:E,B24,'Classifiche settimanali'!D:D),"") -> 52 | E24: =IFERROR(__xludf.DUMMYFUNCTION("""COMPUTED_VALUE"""),"Cesena") -> Cesena | F24: =IF(E24<>"", SUMIF('Classifiche settimanali'!I:K,E24,'Classifiche settimanali'!J:J),"") -> 63 | I24: =IF(H24="","", SUMIF('Classifiche settimanali'!C:E,H24,'Classifiche settimanali'!B:B)) | L24: =IFERROR(__xludf.DUMMYFUNCTION("""COMPUTED_VALUE"""),50000.0) -> 50000
B25: =IFERROR(__xludf.DUMMYFUNCTION("""COMPUTED_VALUE"""),"Daniele Greca") -> Daniele Greca | C25: =IF(B25<>"", SUMIF('Classifiche settimanali'!C:E,B25,'Classifiche settimanali'!D:D),"") -> 26 | F25: =IF(E25<>"", SUMIF('Classifiche settimanali'!I:K,E25,'Classifiche settimanali'!J:J),"") | I25: =IF(H25="","", SUMIF('Classifiche settimanali'!C:E,H25,'Classifiche settimanali'!B:B)) | L25: =IFERROR(__xludf.DUMMYFUNCTION("""COMPUTED_VALUE"""),50000.0) -> 50000
B26: =IFERROR(__xludf.DUMMYFUNCTION("""COMPUTED_VALUE"""),"Mario Bochicchio") -> Mario Bochicchio | C26: =IF(B26<>"", SUMIF('Classifiche settimanali'!C:E,B26,'Classifiche settimanali'!D:D),"") -> 20 | F26: =IF(E26<>"", SUMIF('Classifiche settimanali'!I:K,E26,'Classifiche settimanali'!J:J),"") | I26: =IF(H26="","", SUMIF('Classifiche settimanali'!C:E,H26,'Classifiche settimanali'!B:B)) | L26: =IFERROR(__xludf.DUMMYFUNCTION("""COMPUTED_VALUE"""),50000.0) -> 50000
B27: =IFERROR(__xludf.DUMMYFUNCTION("""COMPUTED_VALUE"""),"Francesco Fusco") -> Francesco Fusco | C27: =IF(B27<>"", SUMIF('Classifiche settimanali'!C:E,B27,'Classifiche settimanali'!D:D),"") -> 49 | F27: =IF(E27<>"", SUMIF('Classifiche settimanali'!I:K,E27,'Classifiche settimanali'!J:J),"") | I27: =IF(H27="","", SUMIF('Classifiche settimanali'!C:E,H27,'Classifiche settimanali'!B:B)) | L27: =IFERROR(__xludf.DUMMYFUNCTION("""COMPUTED_VALUE"""),50000.0) -> 50000
B28: =IFERROR(__xludf.DUMMYFUNCTION("""COMPUTED_VALUE"""),"Antonio Cirino") -> Antonio Cirino | C28: =IF(B28<>"", SUMIF('Classifiche settimanali'!C:E,B28,'Classifiche settimanali'!D:D),"") -> 39 | F28: =IF(E28<>"", SUMIF('Classifiche settimanali'!I:K,E28,'Classifiche settimanali'!J:J),"") | I28: =IF(H28="","", SUMIF('Classifiche settimanali'!C:E,H28,'Classifiche settimanali'!B:B)) | L28: =IFERROR(__xludf.DUMMYFUNCTION("""COMPUTED_VALUE"""),50000.0) -> 50000
B29: =IFERROR(__xludf.DUMMYFUNCTION("""COMPUTED_VALUE"""),"Paola Alessandra Pisani") -> Paola Alessandra Pisani | C29: =IF(B29<>"", SUMIF('Classifiche settimanali'!C:E,B29,'Classifiche settimanali'!D:D),"") -> 49 | F29: =IF(E29<>"", SUMIF('Classifiche settimanali'!I:K,E29,'Classifiche settimanali'!J:J),"") | I29: =IF(H29="","", SUMIF('Classifiche settimanali'!C:E,H29,'Classifiche settimanali'!B:B)) | L29: =IFERROR(__xludf.DUMMYFUNCTION("""COMPUTED_VALUE"""),50000.0) -> 50000 | O29: =IF(N29="","", SUMIF(Premi!$E$4:$E536,N29,Premi!$F$4:$F536) + SUMIF(Premi!$H$4:$H536,N29,Premi!$I$4:$I536) + SUMIF(Premi!$K$4:$K536,N29,Premi!$L$4:$L536))
B30: =IFERROR(__xludf.DUMMYFUNCTION("""COMPUTED_VALUE"""),"Luca Marchetti") -> Luca Marchetti | C30: =IF(B30<>"", SUMIF('Classifiche settimanali'!C:E,B30,'Classifiche settimanali'!D:D),"") -> 17 | F30: =IF(E30<>"", SUMIF('Classifiche settimanali'!I:K,E30,'Classifiche settimanali'!J:J),"") | I30: =IF(H30="","", SUMIF('Classifiche settimanali'!C:E,H30,'Classifiche settimanali'!B:B)) | L30: =IFERROR(__xludf.DUMMYFUNCTION("""COMPUTED_VALUE"""),50000.0) -> 50000 | O30: =IF(N30="","", SUMIF(Premi!$E$4:$E536,N30,Premi!$F$4:$F536) + SUMIF(Premi!$H$4:$H536,N30,Premi!$I$4:$I536) + SUMIF(Premi!$K$4:$K536,N30,Premi!$L$4:$L536))
B31: =IFERROR(__xludf.DUMMYFUNCTION("""COMPUTED_VALUE"""),"Alessio Chiarelli") -> Alessio Chiarelli | C31: =IF(B31<>"", SUMIF('Classifiche settimanali'!C:E,B31,'Classifiche settimanali'!D:D),"") -> 1 | F31: =IF(E31<>"", SUMIF('Classifiche settimanali'!I:K,E31,'Classifiche settimanali'!J:J),"") | I31: =IF(H31="","", SUMIF('Classifiche settimanali'!C:E,H31,'Classifiche settimanali'!B:B)) | L31: =IFERROR(__xludf.DUMMYFUNCTION("""COMPUTED_VALUE"""),50000.0) -> 50000 | O31: =IF(N31="","", SUMIF(Premi!$E$4:$E536,N31,Premi!$F$4:$F536) + SUMIF(Premi!$H$4:$H536,N31,Premi!$I$4:$I536) + SUMIF(Premi!$K$4:$K536,N31,Premi!$L$4:$L536))
B32: =IFERROR(__xludf.DUMMYFUNCTION("""COMPUTED_VALUE"""),"11") -> 11 | C32: =IF(B32<>"", SUMIF('Classifiche settimanali'!C:E,B32,'Classifiche settimanali'!D:D),"") -> 0 | F32: =IF(E32<>"", SUMIF('Classifiche settimanali'!I:K,E32,'Classifiche settimanali'!J:J),"") | I32: =IF(H32="","", SUMIF('Classifiche settimanali'!C:E,H32,'Classifiche settimanali'!B:B)) | L32: =IFERROR(__xludf.DUMMYFUNCTION("""COMPUTED_VALUE"""),50000.0) -> 50000
B33: =IFERROR(__xludf.DUMMYFUNCTION("""COMPUTED_VALUE"""),"12") -> 12 | C33: =IF(B33<>"", SUMIF('Classifiche settimanali'!C:E,B33,'Classifiche settimanali'!D:D),"") -> 0 | F33: =IF(E33<>"", SUMIF('Classifiche settimanali'!I:K,E33,'Classifiche settimanali'!J:J),"") | I33: =IF(H33="","", SUMIF('Classifiche settimanali'!C:E,H33,'Classifiche settimanali'!B:B)) | L33: =IFERROR(__xludf.DUMMYFUNCTION("""COMPUTED_VALUE"""),50000.0) -> 50000
B34: =IFERROR(__xludf.DUMMYFUNCTION("""COMPUTED_VALUE"""),"13") -> 13 | C34: =IF(B34<>"", SUMIF('Classifiche settimanali'!C:E,B34,'Classifiche settimanali'!D:D),"") -> 0 | F34: =IF(E34<>"", SUMIF('Classifiche settimanali'!I:K,E34,'Classifiche settimanali'!J:J),"") | I34: =IF(H34="","", SUMIF('Classifiche settimanali'!C:E,H34,'Classifiche settimanali'!B:B)) | L34: =IFERROR(__xludf.DUMMYFUNCTION("""COMPUTED_VALUE"""),50000.0) -> 50000
B35: =IFERROR(__xludf.DUMMYFUNCTION("""COMPUTED_VALUE"""),"#REF!") -> #REF! | C35: =IF(B35<>"", SUMIF('Classifiche settimanali'!C:E,B35,'Classifiche settimanali'!D:D),"") -> 0 | F35: =IF(E35<>"", SUMIF('Classifiche settimanali'!I:K,E35,'Classifiche settimanali'!J:J),"") | I35: =IF(H35="","", SUMIF('Classifiche settimanali'!C:E,H35,'Classifiche settimanali'!B:B)) | L35: =IFERROR(__xludf.DUMMYFUNCTION("""COMPUTED_VALUE"""),50000.0) -> 50000
B36: =IFERROR(__xludf.DUMMYFUNCTION("""COMPUTED_VALUE"""),"14") -> 14 | C36: =IF(B36<>"", SUMIF('Classifiche settimanali'!C:E,B36,'Classifiche settimanali'!D:D),"") -> 0 | F36: =IF(E36<>"", SUMIF('Classifiche settimanali'!I:K,E36,'Classifiche settimanali'!J:J),"") | I36: =IF(H36="","", SUMIF('Classifiche settimanali'!C:E,H36,'Classifiche settimanali'!B:B)) | L36: =IFERROR(__xludf.DUMMYFUNCTION("""COMPUTED_VALUE"""),50000.0) -> 50000 | O36: =IF(N36="","", SUMIF(Premi!$E$4:$E536,N36,Premi!$F$4:$F536) + SUMIF(Premi!$H$4:$H536,N36,Premi!$I$4:$I536) + SUMIF(Premi!$K$4:$K536,N36,Premi!$L$4:$L536))
B37: =IFERROR(__xludf.DUMMYFUNCTION("""COMPUTED_VALUE"""),"15") -> 15 | C37: =IF(B37<>"", SUMIF('Classifiche settimanali'!C:E,B37,'Classifiche settimanali'!D:D),"") -> 0 | F37: =IF(E37<>"", SUMIF('Classifiche settimanali'!I:K,E37,'Classifiche settimanali'!J:J),"") | I37: =IF(H37="","", SUMIF('Classifiche settimanali'!C:E,H37,'Classifiche settimanali'!B:B)) | L37: =IFERROR(__xludf.DUMMYFUNCTION("""COMPUTED_VALUE"""),50000.0) -> 50000 | O37: =IF(N37="","", SUMIF(Premi!$E$4:$E536,N37,Premi!$F$4:$F536) + SUMIF(Premi!$H$4:$H536,N37,Premi!$I$4:$I536) + SUMIF(Premi!$K$4:$K536,N37,Premi!$L$4:$L536))
B38: =IFERROR(__xludf.DUMMYFUNCTION("""COMPUTED_VALUE"""),"16") -> 16 | C38: =IF(B38<>"", SUMIF('Classifiche settimanali'!C:E,B38,'Classifiche settimanali'!D:D),"") -> 0 | F38: =IF(E38<>"", SUMIF('Classifiche settimanali'!I:K,E38,'Classifiche settimanali'!J:J),"") | I38: =IF(H38="","", SUMIF('Classifiche settimanali'!C:E,H38,'Classifiche settimanali'!B:B)) | L38: =IFERROR(__xludf.DUMMYFUNCTION("""COMPUTED_VALUE"""),50000.0) -> 50000 | O38: =IF(N38="","", SUMIF(Premi!$E$4:$E536,N38,Premi!$F$4:$F536) + SUMIF(Premi!$H$4:$H536,N38,Premi!$I$4:$I536) + SUMIF(Premi!$K$4:$K536,N38,Premi!$L$4:$L536))
B39: =IFERROR(__xludf.DUMMYFUNCTION("""COMPUTED_VALUE"""),"17") -> 17 | C39: =IF(B39<>"", SUMIF('Classifiche settimanali'!C:E,B39,'Classifiche settimanali'!D:D),"") -> 0 | F39: =IF(E39<>"", SUMIF('Classifiche settimanali'!I:K,E39,'Classifiche settimanali'!J:J),"") | I39: =IF(H39="","", SUMIF('Classifiche settimanali'!C:E,H39,'Classifiche settimanali'!B:B)) | L39: =IFERROR(__xludf.DUMMYFUNCTION("""COMPUTED_VALUE"""),50000.0) -> 50000 | O39: =IF(N39="","", SUMIF(Premi!$E$4:$E536,N39,Premi!$F$4:$F536) + SUMIF(Premi!$H$4:$H536,N39,Premi!$I$4:$I536) + SUMIF(Premi!$K$4:$K536,N39,Premi!$L$4:$L536))
B40: =IFERROR(__xludf.DUMMYFUNCTION("""COMPUTED_VALUE"""),"18") -> 18 | C40: =IF(B40<>"", SUMIF('Classifiche settimanali'!C:E,B40,'Classifiche settimanali'!D:D),"") -> 0 | F40: =IF(E40<>"", SUMIF('Classifiche settimanali'!I:K,E40,'Classifiche settimanali'!J:J),"") | I40: =IF(H40="","", SUMIF('Classifiche settimanali'!C:E,H40,'Classifiche settimanali'!B:B)) | L40: =IFERROR(__xludf.DUMMYFUNCTION("""COMPUTED_VALUE"""),50000.0) -> 50000 | O40: =IF(N40="","", SUMIF(Premi!$E$4:$E536,N40,Premi!$F$4:$F536) + SUMIF(Premi!$H$4:$H536,N40,Premi!$I$4:$I536) + SUMIF(Premi!$K$4:$K536,N40,Premi!$L$4:$L536))
B41: =IFERROR(__xludf.DUMMYFUNCTION("""COMPUTED_VALUE"""),"19") -> 19 | C41: =IF(B41<>"", SUMIF('Classifiche settimanali'!C:E,B41,'Classifiche settimanali'!D:D),"") -> 0 | F41: =IF(E41<>"", SUMIF('Classifiche settimanali'!I:K,E41,'Classifiche settimanali'!J:J),"") | I41: =IF(H41="","", SUMIF('Classifiche settimanali'!C:E,H41,'Classifiche settimanali'!B:B)) | O41: =IF(N41="","", SUMIF(Premi!$E$4:$E536,N41,Premi!$F$4:$F536) + SUMIF(Premi!$H$4:$H536,N41,Premi!$I$4:$I536) + SUMIF(Premi!$K$4:$K536,N41,Premi!$L$4:$L536))
C42: =IF(B42<>"", SUMIF('Classifiche settimanali'!C:E,B42,'Classifiche settimanali'!D:D),"") | F42: =IF(E42<>"", SUMIF('Classifiche settimanali'!F:H,E42,'Classifiche settimanali'!G:G),"") | I42: =IF(H42="","", SUMIF('Classifiche settimanali'!C:E,H42,'Classifiche settimanali'!B:B))
C43: =IF(B43<>"", SUMIF('Classifiche settimanali'!C:E,B43,'Classifiche settimanali'!D:D),"") | F43: =IF(E43<>"", SUMIF('Classifiche settimanali'!F:H,E43,'Classifiche settimanali'!G:G),"") | I43: =IF(H43="","", SUMIF('Classifiche settimanali'!C:E,H43,'Classifiche settimanali'!B:B))
C44: =IF(B44<>"", SUMIF('Classifiche settimanali'!C:E,B44,'Classifiche settimanali'!D:D),"") | F44: =IF(E44<>"", SUMIF('Classifiche settimanali'!F:H,E44,'Classifiche settimanali'!G:G),"") | I44: =IF(H44="","", SUMIF('Classifiche settimanali'!C:E,H44,'Classifiche settimanali'!B:B))
C45: =IF(B45<>"", SUMIF('Classifiche settimanali'!C:E,B45,'Classifiche settimanali'!D:D),"") | F45: =IF(E45<>"", SUMIF('Classifiche settimanali'!F:H,E45,'Classifiche settimanali'!G:G),"") | I45: =IF(H45="","", SUMIF('Classifiche settimanali'!C:E,H45,'Classifiche settimanali'!B:B))
C46: =IF(B46<>"", SUMIF('Classifiche settimanali'!C:E,B46,'Classifiche settimanali'!D:D),"") | F46: =IF(E46<>"", SUMIF('Classifiche settimanali'!F:H,E46,'Classifiche settimanali'!G:G),"") | I46: =IF(H46="","", SUMIF('Classifiche settimanali'!C:E,H46,'Classifiche settimanali'!B:B)) | R46: =IF(Q46="","", SUMIF(Premi!$E$4:$E536,Q46,Premi!$F$4:$F536) + SUMIF(Premi!$H$4:$H536,Q46,Premi!$I$4:$I536) + SUMIF(Premi!$K$4:$K536,Q46,Premi!$L$4:$L536))
C47: =IF(B47<>"", SUMIF('Classifiche settimanali'!C:E,B47,'Classifiche settimanali'!D:D),"") | F47: =IF(E47<>"", SUMIF('Classifiche settimanali'!F:H,E47,'Classifiche settimanali'!G:G),"") | I47: =IF(H47="","", SUMIF('Classifiche settimanali'!C:E,H47,'Classifiche settimanali'!B:B)) | R47: =IF(Q47="","", SUMIF(Premi!$E$4:$E536,Q47,Premi!$F$4:$F536) + SUMIF(Premi!$H$4:$H536,Q47,Premi!$I$4:$I536) + SUMIF(Premi!$K$4:$K536,Q47,Premi!$L$4:$L536))
C48: =IF(B48<>"", SUMIF('Classifiche settimanali'!C:E,B48,'Classifiche settimanali'!D:D),"") | F48: =IF(E48<>"", SUMIF('Classifiche settimanali'!F:H,E48,'Classifiche settimanali'!G:G),"") | I48: =IF(H48="","", SUMIF('Classifiche settimanali'!C:E,H48,'Classifiche settimanali'!B:B)) | O48: =IF(N48="","", SUMIF(Premi!$E$4:$E536,N48,Premi!$F$4:$F536) + SUMIF(Premi!$H$4:$H536,N48,Premi!$I$4:$I536) + SUMIF(Premi!$K$4:$K536,N48,Premi!$L$4:$L536)) | R48: =IF(Q48="","", SUMIF(Premi!$E$4:$E536,Q48,Premi!$F$4:$F536) + SUMIF(Premi!$H$4:$H536,Q48,Premi!$I$4:$I536) + SUMIF(Premi!$K$4:$K536,Q48,Premi!$L$4:$L536))
C49: =IF(B49<>"", SUMIF('Classifiche settimanali'!C:E,B49,'Classifiche settimanali'!D:D),"") | F49: =IF(E49<>"", SUMIF('Classifiche settimanali'!F:H,E49,'Classifiche settimanali'!G:G),"") | I49: =IF(H49="","", SUMIF('Classifiche settimanali'!C:E,H49,'Classifiche settimanali'!B:B)) | O49: =IF(N49="","", SUMIF(Premi!$E$4:$E536,N49,Premi!$F$4:$F536) + SUMIF(Premi!$H$4:$H536,N49,Premi!$I$4:$I536) + SUMIF(Premi!$K$4:$K536,N49,Premi!$L$4:$L536)) | R49: =IF(Q49="","", SUMIF(Premi!$E$4:$E536,Q49,Premi!$F$4:$F536) + SUMIF(Premi!$H$4:$H536,Q49,Premi!$I$4:$I536) + SUMIF(Premi!$K$4:$K536,Q49,Premi!$L$4:$L536))
C50: =IF(B50<>"", SUMIF('Classifiche settimanali'!C:E,B50,'Classifiche settimanali'!D:D),"") | F50: =IF(E50<>"", SUMIF('Classifiche settimanali'!F:H,E50,'Classifiche settimanali'!G:G),"") | I50: =IF(H50="","", SUMIF('Classifiche settimanali'!C:E,H50,'Classifiche settimanali'!B:B)) | O50: =IF(N50="","", SUMIF(Premi!$E$4:$E536,N50,Premi!$F$4:$F536) + SUMIF(Premi!$H$4:$H536,N50,Premi!$I$4:$I536) + SUMIF(Premi!$K$4:$K536,N50,Premi!$L$4:$L536)) | R50: =IF(Q50="","", SUMIF(Premi!$E$4:$E536,Q50,Premi!$F$4:$F536) + SUMIF(Premi!$H$4:$H536,Q50,Premi!$I$4:$I536) + SUMIF(Premi!$K$4:$K536,Q50,Premi!$L$4:$L536))
C51: =IF(B51<>"", SUMIF('Classifiche settimanali'!C:E,B51,'Classifiche settimanali'!D:D),"") | F51: =IF(E51<>"", SUMIF('Classifiche settimanali'!F:H,E51,'Classifiche settimanali'!G:G),"") | I51: =IF(H51="","", SUMIF('Classifiche settimanali'!C:E,H51,'Classifiche settimanali'!B:B)) | O51: =IF(N51="","", SUMIF(Premi!$E$4:$E536,N51,Premi!$F$4:$F536) + SUMIF(Premi!$H$4:$H536,N51,Premi!$I$4:$I536) + SUMIF(Premi!$K$4:$K536,N51,Premi!$L$4:$L536)) | R51: =IF(Q51="","", SUMIF(Premi!$E$4:$E536,Q51,Premi!$F$4:$F536) + SUMIF(Premi!$H$4:$H536,Q51,Premi!$I$4:$I536) + SUMIF(Premi!$K$4:$K536,Q51,Premi!$L$4:$L536))
C52: =IF(B52<>"", SUMIF('Classifiche settimanali'!C:E,B52,'Classifiche settimanali'!D:D),"") | F52: =IF(E52<>"", SUMIF('Classifiche settimanali'!F:H,E52,'Classifiche settimanali'!G:G),"") | I52: =IF(H52="","", SUMIF('Classifiche settimanali'!C:E,H52,'Classifiche settimanali'!B:B)) | O52: =IF(N52="","", SUMIF(Premi!$E$4:$E536,N52,Premi!$F$4:$F536) + SUMIF(Premi!$H$4:$H536,N52,Premi!$I$4:$I536) + SUMIF(Premi!$K$4:$K536,N52,Premi!$L$4:$L536)) | R52: =IF(Q52="","", SUMIF(Premi!$E$4:$E536,Q52,Premi!$F$4:$F536) + SUMIF(Premi!$H$4:$H536,Q52,Premi!$I$4:$I536) + SUMIF(Premi!$K$4:$K536,Q52,Premi!$L$4:$L536))
C53: =IF(B53<>"", SUMIF('Classifiche settimanali'!C:E,B53,'Classifiche settimanali'!D:D),"") | F53: =IF(E53<>"", SUMIF('Classifiche settimanali'!F:H,E53,'Classifiche settimanali'!G:G),"") | I53: =IF(H53="","", SUMIF('Classifiche settimanali'!C:E,H53,'Classifiche settimanali'!B:B)) | O53: =IF(N53="","", SUMIF(Premi!$E$4:$E536,N53,Premi!$F$4:$F536) + SUMIF(Premi!$H$4:$H536,N53,Premi!$I$4:$I536) + SUMIF(Premi!$K$4:$K536,N53,Premi!$L$4:$L536)) | R53: =IF(Q53="","", SUMIF(Premi!$E$4:$E536,Q53,Premi!$F$4:$F536) + SUMIF(Premi!$H$4:$H536,Q53,Premi!$I$4:$I536) + SUMIF(Premi!$K$4:$K536,Q53,Premi!$L$4:$L536))
C54: =IF(B54<>"", SUMIF('Classifiche settimanali'!C:E,B54,'Classifiche settimanali'!D:D),"") | F54: =IF(E54<>"", SUMIF('Classifiche settimanali'!F:H,E54,'Classifiche settimanali'!G:G),"") | I54: =IF(H54="","", SUMIF('Classifiche settimanali'!C:E,H54,'Classifiche settimanali'!B:B)) | O54: =IF(N54="","", SUMIF(Premi!$E$4:$E536,N54,Premi!$F$4:$F536) + SUMIF(Premi!$H$4:$H536,N54,Premi!$I$4:$I536) + SUMIF(Premi!$K$4:$K536,N54,Premi!$L$4:$L536)) | R54: =IF(Q54="","", SUMIF(Premi!$E$4:$E536,Q54,Premi!$F$4:$F536) + SUMIF(Premi!$H$4:$H536,Q54,Premi!$I$4:$I536) + SUMIF(Premi!$K$4:$K536,Q54,Premi!$L$4:$L536))
C55: =IF(B55<>"", SUMIF('Classifiche settimanali'!C:E,B55,'Classifiche settimanali'!D:D),"") | F55: =IF(E55<>"", SUMIF('Classifiche settimanali'!F:H,E55,'Classifiche settimanali'!G:G),"") | I55: =IF(H55="","", SUMIF('Classifiche settimanali'!C:E,H55,'Classifiche settimanali'!B:B)) | O55: =IF(N55="","", SUMIF(Premi!$E$4:$E536,N55,Premi!$F$4:$F536) + SUMIF(Premi!$H$4:$H536,N55,Premi!$I$4:$I536) + SUMIF(Premi!$K$4:$K536,N55,Premi!$L$4:$L536)) | R55: =IF(Q55="","", SUMIF(Premi!$E$4:$E536,Q55,Premi!$F$4:$F536) + SUMIF(Premi!$H$4:$H536,Q55,Premi!$I$4:$I536) + SUMIF(Premi!$K$4:$K536,Q55,Premi!$L$4:$L536))
C56: =IF(B56<>"", SUMIF('Classifiche settimanali'!C:E,B56,'Classifiche settimanali'!D:D),"") | F56: =IF(E56<>"", SUMIF('Classifiche settimanali'!F:H,E56,'Classifiche settimanali'!G:G),"") | I56: =IF(H56="","", SUMIF('Classifiche settimanali'!C:E,H56,'Classifiche settimanali'!B:B)) | O56: =IF(N56="","", SUMIF(Premi!$E$4:$E536,N56,Premi!$F$4:$F536) + SUMIF(Premi!$H$4:$H536,N56,Premi!$I$4:$I536) + SUMIF(Premi!$K$4:$K536,N56,Premi!$L$4:$L536)) | R56: =IF(Q56="","", SUMIF(Premi!$E$4:$E536,Q56,Premi!$F$4:$F536) + SUMIF(Premi!$H$4:$H536,Q56,Premi!$I$4:$I536) + SUMIF(Premi!$K$4:$K536,Q56,Premi!$L$4:$L536))
C57: =IF(B57<>"", SUMIF('Classifiche settimanali'!C:E,B57,'Classifiche settimanali'!D:D),"") | F57: =IF(E57<>"", SUMIF('Classifiche settimanali'!F:H,E57,'Classifiche settimanali'!G:G),"") | I57: =IF(H57="","", SUMIF('Classifiche settimanali'!C:E,H57,'Classifiche settimanali'!B:B)) | O57: =IF(N57="","", SUMIF(Premi!$E$4:$E536,N57,Premi!$F$4:$F536) + SUMIF(Premi!$H$4:$H536,N57,Premi!$I$4:$I536) + SUMIF(Premi!$K$4:$K536,N57,Premi!$L$4:$L536)) | R57: =IF(Q57="","", SUMIF(Premi!$E$4:$E536,Q57,Premi!$F$4:$F536) + SUMIF(Premi!$H$4:$H536,Q57,Premi!$I$4:$I536) + SUMIF(Premi!$K$4:$K536,Q57,Premi!$L$4:$L536))
C58: =IF(B58<>"", SUMIF('Classifiche settimanali'!C:E,B58,'Classifiche settimanali'!D:D),"") | F58: =IF(E58<>"", SUMIF('Classifiche settimanali'!F:H,E58,'Classifiche settimanali'!G:G),"") | I58: =IF(H58="","", SUMIF('Classifiche settimanali'!C:E,H58,'Classifiche settimanali'!B:B)) | O58: =IF(N58="","", SUMIF(Premi!$E$4:$E536,N58,Premi!$F$4:$F536) + SUMIF(Premi!$H$4:$H536,N58,Premi!$I$4:$I536) + SUMIF(Premi!$K$4:$K536,N58,Premi!$L$4:$L536)) | R58: =IF(Q58="","", SUMIF(Premi!$E$4:$E536,Q58,Premi!$F$4:$F536) + SUMIF(Premi!$H$4:$H536,Q58,Premi!$I$4:$I536) + SUMIF(Premi!$K$4:$K536,Q58,Premi!$L$4:$L536))
C59: =IF(B59<>"", SUMIF('Classifiche settimanali'!C:E,B59,'Classifiche settimanali'!D:D),"") | F59: =IF(E59<>"", SUMIF('Classifiche settimanali'!F:H,E59,'Classifiche settimanali'!G:G),"") | I59: =IF(H59="","", SUMIF('Classifiche settimanali'!C:E,H59,'Classifiche settimanali'!B:B)) | O59: =IF(N59="","", SUMIF(Premi!$E$4:$E536,N59,Premi!$F$4:$F536) + SUMIF(Premi!$H$4:$H536,N59,Premi!$I$4:$I536) + SUMIF(Premi!$K$4:$K536,N59,Premi!$L$4:$L536)) | R59: =IF(Q59="","", SUMIF(Premi!$E$4:$E536,Q59,Premi!$F$4:$F536) + SUMIF(Premi!$H$4:$H536,Q59,Premi!$I$4:$I536) + SUMIF(Premi!$K$4:$K536,Q59,Premi!$L$4:$L536))
C60: =IF(B60<>"", SUMIF('Classifiche settimanali'!C:E,B60,'Classifiche settimanali'!D:D),"") | F60: =IF(E60<>"", SUMIF('Classifiche settimanali'!F:H,E60,'Classifiche settimanali'!G:G),"") | I60: =IF(H60="","", SUMIF('Classifiche settimanali'!C:E,H60,'Classifiche settimanali'!B:B)) | O60: =IF(N60="","", SUMIF(Premi!$E$4:$E536,N60,Premi!$F$4:$F536) + SUMIF(Premi!$H$4:$H536,N60,Premi!$I$4:$I536) + SUMIF(Premi!$K$4:$K536,N60,Premi!$L$4:$L536)) | R60: =IF(Q60="","", SUMIF(Premi!$E$4:$E536,Q60,Premi!$F$4:$F536) + SUMIF(Premi!$H$4:$H536,Q60,Premi!$I$4:$I536) + SUMIF(Premi!$K$4:$K536,Q60,Premi!$L$4:$L536))
C61: =IF(B61<>"", SUMIF('Classifiche settimanali'!C:E,B61,'Classifiche settimanali'!D:D),"") | F61: =IF(E61<>"", SUMIF('Classifiche settimanali'!F:H,E61,'Classifiche settimanali'!G:G),"") | I61: =IF(H61="","", SUMIF('Classifiche settimanali'!C:E,H61,'Classifiche settimanali'!B:B)) | O61: =IF(N61="","", SUMIF(Premi!$E$4:$E536,N61,Premi!$F$4:$F536) + SUMIF(Premi!$H$4:$H536,N61,Premi!$I$4:$I536) + SUMIF(Premi!$K$4:$K536,N61,Premi!$L$4:$L536)) | R61: =IF(Q61="","", SUMIF(Premi!$E$4:$E536,Q61,Premi!$F$4:$F536) + SUMIF(Premi!$H$4:$H536,Q61,Premi!$I$4:$I536) + SUMIF(Premi!$K$4:$K536,Q61,Premi!$L$4:$L536))
C62: =IF(B62<>"", SUMIF('Classifiche settimanali'!C:E,B62,'Classifiche settimanali'!D:D),"") | F62: =IF(E62<>"", SUMIF('Classifiche settimanali'!F:H,E62,'Classifiche settimanali'!G:G),"") | I62: =IF(H62="","", SUMIF('Classifiche settimanali'!C:E,H62,'Classifiche settimanali'!B:B)) | O62: =IF(N62="","", SUMIF(Premi!$E$4:$E536,N62,Premi!$F$4:$F536) + SUMIF(Premi!$H$4:$H536,N62,Premi!$I$4:$I536) + SUMIF(Premi!$K$4:$K536,N62,Premi!$L$4:$L536)) | R62: =IF(Q62="","", SUMIF(Premi!$E$4:$E536,Q62,Premi!$F$4:$F536) + SUMIF(Premi!$H$4:$H536,Q62,Premi!$I$4:$I536) + SUMIF(Premi!$K$4:$K536,Q62,Premi!$L$4:$L536))
C63: =IF(B63<>"", SUMIF('Classifiche settimanali'!C:E,B63,'Classifiche settimanali'!D:D),"") | F63: =IF(E63<>"", SUMIF('Classifiche settimanali'!F:H,E63,'Classifiche settimanali'!G:G),"") | I63: =IF(H63="","", SUMIF('Classifiche settimanali'!C:E,H63,'Classifiche settimanali'!B:B)) | O63: =IF(N63="","", SUMIF(Premi!$E$4:$E536,N63,Premi!$F$4:$F536) + SUMIF(Premi!$H$4:$H536,N63,Premi!$I$4:$I536) + SUMIF(Premi!$K$4:$K536,N63,Premi!$L$4:$L536)) | R63: =IF(Q63="","", SUMIF(Premi!$E$4:$E536,Q63,Premi!$F$4:$F536) + SUMIF(Premi!$H$4:$H536,Q63,Premi!$I$4:$I536) + SUMIF(Premi!$K$4:$K536,Q63,Premi!$L$4:$L536))
C64: =IF(B64<>"", SUMIF('Classifiche settimanali'!C:E,B64,'Classifiche settimanali'!D:D),"") | F64: =IF(E64<>"", SUMIF('Classifiche settimanali'!F:H,E64,'Classifiche settimanali'!G:G),"") | I64: =IF(H64="","", SUMIF('Classifiche settimanali'!C:E,H64,'Classifiche settimanali'!B:B)) | O64: =IF(N64="","", SUMIF(Premi!$E$4:$E536,N64,Premi!$F$4:$F536) + SUMIF(Premi!$H$4:$H536,N64,Premi!$I$4:$I536) + SUMIF(Premi!$K$4:$K536,N64,Premi!$L$4:$L536)) | R64: =IF(Q64="","", SUMIF(Premi!$E$4:$E536,Q64,Premi!$F$4:$F536) + SUMIF(Premi!$H$4:$H536,Q64,Premi!$I$4:$I536) + SUMIF(Premi!$K$4:$K536,Q64,Premi!$L$4:$L536))
C65: =IF(B65<>"", SUMIF('Classifiche settimanali'!C:E,B65,'Classifiche settimanali'!D:D),"") | F65: =IF(E65<>"", SUMIF('Classifiche settimanali'!F:H,E65,'Classifiche settimanali'!G:G),"") | I65: =IF(H65="","", SUMIF('Classifiche settimanali'!C:E,H65,'Classifiche settimanali'!B:B)) | O65: =IF(N65="","", SUMIF(Premi!$E$4:$E536,N65,Premi!$F$4:$F536) + SUMIF(Premi!$H$4:$H536,N65,Premi!$I$4:$I536) + SUMIF(Premi!$K$4:$K536,N65,Premi!$L$4:$L536)) | R65: =IF(Q65="","", SUMIF(Premi!$E$4:$E536,Q65,Premi!$F$4:$F536) + SUMIF(Premi!$H$4:$H536,Q65,Premi!$I$4:$I536) + SUMIF(Premi!$K$4:$K536,Q65,Premi!$L$4:$L536))
C66: =IF(B66<>"", SUMIF('Classifiche settimanali'!C:E,B66,'Classifiche settimanali'!D:D),"") | F66: =IF(E66<>"", SUMIF('Classifiche settimanali'!F:H,E66,'Classifiche settimanali'!G:G),"") | I66: =IF(H66="","", SUMIF('Classifiche settimanali'!C:E,H66,'Classifiche settimanali'!B:B)) | O66: =IF(N66="","", SUMIF(Premi!$E$4:$E536,N66,Premi!$F$4:$F536) + SUMIF(Premi!$H$4:$H536,N66,Premi!$I$4:$I536) + SUMIF(Premi!$K$4:$K536,N66,Premi!$L$4:$L536)) | R66: =IF(Q66="","", SUMIF(Premi!$E$4:$E536,Q66,Premi!$F$4:$F536) + SUMIF(Premi!$H$4:$H536,Q66,Premi!$I$4:$I536) + SUMIF(Premi!$K$4:$K536,Q66,Premi!$L$4:$L536))
C67: =IF(B67<>"", SUMIF('Classifiche settimanali'!C:E,B67,'Classifiche settimanali'!D:D),"") | F67: =IF(E67<>"", SUMIF('Classifiche settimanali'!F:H,E67,'Classifiche settimanali'!G:G),"") | I67: =IF(H67="","", SUMIF('Classifiche settimanali'!C:E,H67,'Classifiche settimanali'!B:B)) | O67: =IF(N67="","", SUMIF(Premi!$E$4:$E536,N67,Premi!$F$4:$F536) + SUMIF(Premi!$H$4:$H536,N67,Premi!$I$4:$I536) + SUMIF(Premi!$K$4:$K536,N67,Premi!$L$4:$L536)) | R67: =IF(Q67="","", SUMIF(Premi!$E$4:$E536,Q67,Premi!$F$4:$F536) + SUMIF(Premi!$H$4:$H536,Q67,Premi!$I$4:$I536) + SUMIF(Premi!$K$4:$K536,Q67,Premi!$L$4:$L536))
C68: =IF(B68<>"", SUMIF('Classifiche settimanali'!C:E,B68,'Classifiche settimanali'!D:D),"") | F68: =IF(E68<>"", SUMIF('Classifiche settimanali'!F:H,E68,'Classifiche settimanali'!G:G),"") | I68: =IF(H68="","", SUMIF('Classifiche settimanali'!C:E,H68,'Classifiche settimanali'!B:B)) | O68: =IF(N68="","", SUMIF(Premi!$E$4:$E536,N68,Premi!$F$4:$F536) + SUMIF(Premi!$H$4:$H536,N68,Premi!$I$4:$I536) + SUMIF(Premi!$K$4:$K536,N68,Premi!$L$4:$L536)) | R68: =IF(Q68="","", SUMIF(Premi!$E$4:$E536,Q68,Premi!$F$4:$F536) + SUMIF(Premi!$H$4:$H536,Q68,Premi!$I$4:$I536) + SUMIF(Premi!$K$4:$K536,Q68,Premi!$L$4:$L536))
C69: =IF(B69<>"", SUMIF('Classifiche settimanali'!C:E,B69,'Classifiche settimanali'!D:D),"") | F69: =IF(E69<>"", SUMIF('Classifiche settimanali'!F:H,E69,'Classifiche settimanali'!G:G),"") | I69: =IF(H69="","", SUMIF('Classifiche settimanali'!C:E,H69,'Classifiche settimanali'!B:B)) | O69: =IF(N69="","", SUMIF(Premi!$E$4:$E536,N69,Premi!$F$4:$F536) + SUMIF(Premi!$H$4:$H536,N69,Premi!$I$4:$I536) + SUMIF(Premi!$K$4:$K536,N69,Premi!$L$4:$L536)) | R69: =IF(Q69="","", SUMIF(Premi!$E$4:$E536,Q69,Premi!$F$4:$F536) + SUMIF(Premi!$H$4:$H536,Q69,Premi!$I$4:$I536) + SUMIF(Premi!$K$4:$K536,Q69,Premi!$L$4:$L536))
C70: =IF(B70<>"", SUMIF('Classifiche settimanali'!C:E,B70,'Classifiche settimanali'!D:D),"") | F70: =IF(E70<>"", SUMIF('Classifiche settimanali'!F:H,E70,'Classifiche settimanali'!G:G),"") | I70: =IF(H70="","", SUMIF('Classifiche settimanali'!C:E,H70,'Classifiche settimanali'!B:B)) | O70: =IF(N70="","", SUMIF(Premi!$E$4:$E536,N70,Premi!$F$4:$F536) + SUMIF(Premi!$H$4:$H536,N70,Premi!$I$4:$I536) + SUMIF(Premi!$K$4:$K536,N70,Premi!$L$4:$L536)) | R70: =IF(Q70="","", SUMIF(Premi!$E$4:$E536,Q70,Premi!$F$4:$F536) + SUMIF(Premi!$H$4:$H536,Q70,Premi!$I$4:$I536) + SUMIF(Premi!$K$4:$K536,Q70,Premi!$L$4:$L536))
C71: =IF(B71<>"", SUMIF('Classifiche settimanali'!C:E,B71,'Classifiche settimanali'!D:D),"") | F71: =IF(E71<>"", SUMIF('Classifiche settimanali'!F:H,E71,'Classifiche settimanali'!G:G),"") | I71: =IF(H71="","", SUMIF('Classifiche settimanali'!C:E,H71,'Classifiche settimanali'!B:B)) | O71: =IF(N71="","", SUMIF(Premi!$E$4:$E536,N71,Premi!$F$4:$F536) + SUMIF(Premi!$H$4:$H536,N71,Premi!$I$4:$I536) + SUMIF(Premi!$K$4:$K536,N71,Premi!$L$4:$L536)) | R71: =IF(Q71="","", SUMIF(Premi!$E$4:$E536,Q71,Premi!$F$4:$F536) + SUMIF(Premi!$H$4:$H536,Q71,Premi!$I$4:$I536) + SUMIF(Premi!$K$4:$K536,Q71,Premi!$L$4:$L536))
C72: =IF(B72<>"", SUMIF('Classifiche settimanali'!C:E,B72,'Classifiche settimanali'!D:D),"") | F72: =IF(E72<>"", SUMIF('Classifiche settimanali'!F:H,E72,'Classifiche settimanali'!G:G),"") | I72: =IF(H72="","", SUMIF('Classifiche settimanali'!C:E,H72,'Classifiche settimanali'!B:B)) | O72: =IF(N72="","", SUMIF(Premi!$E$4:$E536,N72,Premi!$F$4:$F536) + SUMIF(Premi!$H$4:$H536,N72,Premi!$I$4:$I536) + SUMIF(Premi!$K$4:$K536,N72,Premi!$L$4:$L536)) | R72: =IF(Q72="","", SUMIF(Premi!$E$4:$E536,Q72,Premi!$F$4:$F536) + SUMIF(Premi!$H$4:$H536,Q72,Premi!$I$4:$I536) + SUMIF(Premi!$K$4:$K536,Q72,Premi!$L$4:$L536))
C73: =IF(B73<>"", SUMIF('Classifiche settimanali'!C:E,B73,'Classifiche settimanali'!D:D),"") | F73: =IF(E73<>"", SUMIF('Classifiche settimanali'!F:H,E73,'Classifiche settimanali'!G:G),"") | I73: =IF(H73="","", SUMIF('Classifiche settimanali'!C:E,H73,'Classifiche settimanali'!B:B)) | O73: =IF(N73="","", SUMIF(Premi!$E$4:$E536,N73,Premi!$F$4:$F536) + SUMIF(Premi!$H$4:$H536,N73,Premi!$I$4:$I536) + SUMIF(Premi!$K$4:$K536,N73,Premi!$L$4:$L536)) | R73: =IF(Q73="","", SUMIF(Premi!$E$4:$E536,Q73,Premi!$F$4:$F536) + SUMIF(Premi!$H$4:$H536,Q73,Premi!$I$4:$I536) + SUMIF(Premi!$K$4:$K536,Q73,Premi!$L$4:$L536))
C74: =IF(B74<>"", SUMIF('Classifiche settimanali'!C:E,B74,'Classifiche settimanali'!D:D),"") | F74: =IF(E74<>"", SUMIF('Classifiche settimanali'!F:H,E74,'Classifiche settimanali'!G:G),"") | I74: =IF(H74="","", SUMIF('Classifiche settimanali'!C:E,H74,'Classifiche settimanali'!B:B)) | O74: =IF(N74="","", SUMIF(Premi!$E$4:$E536,N74,Premi!$F$4:$F536) + SUMIF(Premi!$H$4:$H536,N74,Premi!$I$4:$I536) + SUMIF(Premi!$K$4:$K536,N74,Premi!$L$4:$L536)) | R74: =IF(Q74="","", SUMIF(Premi!$E$4:$E536,Q74,Premi!$F$4:$F536) + SUMIF(Premi!$H$4:$H536,Q74,Premi!$I$4:$I536) + SUMIF(Premi!$K$4:$K536,Q74,Premi!$L$4:$L536))
C75: =IF(B75<>"", SUMIF('Classifiche settimanali'!C:E,B75,'Classifiche settimanali'!D:D),"") | F75: =IF(E75<>"", SUMIF('Classifiche settimanali'!F:H,E75,'Classifiche settimanali'!G:G),"") | I75: =IF(H75="","", SUMIF('Classifiche settimanali'!C:E,H75,'Classifiche settimanali'!B:B)) | O75: =IF(N75="","", SUMIF(Premi!$E$4:$E536,N75,Premi!$F$4:$F536) + SUMIF(Premi!$H$4:$H536,N75,Premi!$I$4:$I536) + SUMIF(Premi!$K$4:$K536,N75,Premi!$L$4:$L536)) | R75: =IF(Q75="","", SUMIF(Premi!$E$4:$E536,Q75,Premi!$F$4:$F536) + SUMIF(Premi!$H$4:$H536,Q75,Premi!$I$4:$I536) + SUMIF(Premi!$K$4:$K536,Q75,Premi!$L$4:$L536))
C76: =IF(B76<>"", SUMIF('Classifiche settimanali'!C:E,B76,'Classifiche settimanali'!D:D),"") | F76: =IF(E76<>"", SUMIF('Classifiche settimanali'!F:H,E76,'Classifiche settimanali'!G:G),"") | I76: =IF(H76="","", SUMIF('Classifiche settimanali'!C:E,H76,'Classifiche settimanali'!B:B)) | O76: =IF(N76="","", SUMIF(Premi!$E$4:$E536,N76,Premi!$F$4:$F536) + SUMIF(Premi!$H$4:$H536,N76,Premi!$I$4:$I536) + SUMIF(Premi!$K$4:$K536,N76,Premi!$L$4:$L536)) | R76: =IF(Q76="","", SUMIF(Premi!$E$4:$E536,Q76,Premi!$F$4:$F536) + SUMIF(Premi!$H$4:$H536,Q76,Premi!$I$4:$I536) + SUMIF(Premi!$K$4:$K536,Q76,Premi!$L$4:$L536))
C77: =IF(B77<>"", SUMIF('Classifiche settimanali'!C:E,B77,'Classifiche settimanali'!D:D),"") | F77: =IF(E77<>"", SUMIF('Classifiche settimanali'!F:H,E77,'Classifiche settimanali'!G:G),"") | I77: =IF(H77="","", SUMIF('Classifiche settimanali'!C:E,H77,'Classifiche settimanali'!B:B)) | O77: =IF(N77="","", SUMIF(Premi!$E$4:$E536,N77,Premi!$F$4:$F536) + SUMIF(Premi!$H$4:$H536,N77,Premi!$I$4:$I536) + SUMIF(Premi!$K$4:$K536,N77,Premi!$L$4:$L536)) | R77: =IF(Q77="","", SUMIF(Premi!$E$4:$E536,Q77,Premi!$F$4:$F536) + SUMIF(Premi!$H$4:$H536,Q77,Premi!$I$4:$I536) + SUMIF(Premi!$K$4:$K536,Q77,Premi!$L$4:$L536))
C78: =IF(B78<>"", SUMIF('Classifiche settimanali'!C:E,B78,'Classifiche settimanali'!D:D),"") | F78: =IF(E78<>"", SUMIF('Classifiche settimanali'!F:H,E78,'Classifiche settimanali'!G:G),"") | I78: =IF(H78="","", SUMIF('Classifiche settimanali'!C:E,H78,'Classifiche settimanali'!B:B)) | O78: =IF(N78="","", SUMIF(Premi!$E$4:$E536,N78,Premi!$F$4:$F536) + SUMIF(Premi!$H$4:$H536,N78,Premi!$I$4:$I536) + SUMIF(Premi!$K$4:$K536,N78,Premi!$L$4:$L536)) | R78: =IF(Q78="","", SUMIF(Premi!$E$4:$E536,Q78,Premi!$F$4:$F536) + SUMIF(Premi!$H$4:$H536,Q78,Premi!$I$4:$I536) + SUMIF(Premi!$K$4:$K536,Q78,Premi!$L$4:$L536))
C79: =IF(B79<>"", SUMIF('Classifiche settimanali'!C:E,B79,'Classifiche settimanali'!D:D),"") | F79: =IF(E79<>"", SUMIF('Classifiche settimanali'!F:H,E79,'Classifiche settimanali'!G:G),"") | I79: =IF(H79="","", SUMIF('Classifiche settimanali'!C:E,H79,'Classifiche settimanali'!B:B)) | O79: =IF(N79="","", SUMIF(Premi!$E$4:$E536,N79,Premi!$F$4:$F536) + SUMIF(Premi!$H$4:$H536,N79,Premi!$I$4:$I536) + SUMIF(Premi!$K$4:$K536,N79,Premi!$L$4:$L536)) | R79: =IF(Q79="","", SUMIF(Premi!$E$4:$E536,Q79,Premi!$F$4:$F536) + SUMIF(Premi!$H$4:$H536,Q79,Premi!$I$4:$I536) + SUMIF(Premi!$K$4:$K536,Q79,Premi!$L$4:$L536))
C80: =IF(B80<>"", SUMIF('Classifiche settimanali'!C:E,B80,'Classifiche settimanali'!D:D),"") | F80: =IF(E80<>"", SUMIF('Classifiche settimanali'!F:H,E80,'Classifiche settimanali'!G:G),"") | I80: =IF(H80="","", SUMIF('Classifiche settimanali'!C:E,H80,'Classifiche settimanali'!B:B)) | O80: =IF(N80="","", SUMIF(Premi!$E$4:$E536,N80,Premi!$F$4:$F536) + SUMIF(Premi!$H$4:$H536,N80,Premi!$I$4:$I536) + SUMIF(Premi!$K$4:$K536,N80,Premi!$L$4:$L536)) | R80: =IF(Q80="","", SUMIF(Premi!$E$4:$E536,Q80,Premi!$F$4:$F536) + SUMIF(Premi!$H$4:$H536,Q80,Premi!$I$4:$I536) + SUMIF(Premi!$K$4:$K536,Q80,Premi!$L$4:$L536))
C81: =IF(B81<>"", SUMIF('Classifiche settimanali'!C:E,B81,'Classifiche settimanali'!D:D),"") | F81: =IF(E81<>"", SUMIF('Classifiche settimanali'!F:H,E81,'Classifiche settimanali'!G:G),"") | I81: =IF(H81="","", SUMIF('Classifiche settimanali'!C:E,H81,'Classifiche settimanali'!B:B)) | O81: =IF(N81="","", SUMIF(Premi!$E$4:$E536,N81,Premi!$F$4:$F536) + SUMIF(Premi!$H$4:$H536,N81,Premi!$I$4:$I536) + SUMIF(Premi!$K$4:$K536,N81,Premi!$L$4:$L536)) | R81: =IF(Q81="","", SUMIF(Premi!$E$4:$E536,Q81,Premi!$F$4:$F536) + SUMIF(Premi!$H$4:$H536,Q81,Premi!$I$4:$I536) + SUMIF(Premi!$K$4:$K536,Q81,Premi!$L$4:$L536))
C82: =IF(B82<>"", SUMIF('Classifiche settimanali'!C:E,B82,'Classifiche settimanali'!D:D),"") | F82: =IF(E82<>"", SUMIF('Classifiche settimanali'!F:H,E82,'Classifiche settimanali'!G:G),"") | I82: =IF(H82="","", SUMIF('Classifiche settimanali'!C:E,H82,'Classifiche settimanali'!B:B)) | O82: =IF(N82="","", SUMIF(Premi!$E$4:$E536,N82,Premi!$F$4:$F536) + SUMIF(Premi!$H$4:$H536,N82,Premi!$I$4:$I536) + SUMIF(Premi!$K$4:$K536,N82,Premi!$L$4:$L536)) | R82: =IF(Q82="","", SUMIF(Premi!$E$4:$E536,Q82,Premi!$F$4:$F536) + SUMIF(Premi!$H$4:$H536,Q82,Premi!$I$4:$I536) + SUMIF(Premi!$K$4:$K536,Q82,Premi!$L$4:$L536))
C83: =IF(B83<>"", SUMIF('Classifiche settimanali'!C:E,B83,'Classifiche settimanali'!D:D),"") | F83: =IF(E83<>"", SUMIF('Classifiche settimanali'!F:H,E83,'Classifiche settimanali'!G:G),"") | I83: =IF(H83="","", SUMIF('Classifiche settimanali'!C:E,H83,'Classifiche settimanali'!B:B)) | O83: =IF(N83="","", SUMIF(Premi!$E$4:$E536,N83,Premi!$F$4:$F536) + SUMIF(Premi!$H$4:$H536,N83,Premi!$I$4:$I536) + SUMIF(Premi!$K$4:$K536,N83,Premi!$L$4:$L536)) | R83: =IF(Q83="","", SUMIF(Premi!$E$4:$E536,Q83,Premi!$F$4:$F536) + SUMIF(Premi!$H$4:$H536,Q83,Premi!$I$4:$I536) + SUMIF(Premi!$K$4:$K536,Q83,Premi!$L$4:$L536))
C84: =IF(B84<>"", SUMIF('Classifiche settimanali'!C:E,B84,'Classifiche settimanali'!D:D),"") | F84: =IF(E84<>"", SUMIF('Classifiche settimanali'!F:H,E84,'Classifiche settimanali'!G:G),"") | I84: =IF(H84="","", SUMIF('Classifiche settimanali'!C:E,H84,'Classifiche settimanali'!B:B)) | O84: =IF(N84="","", SUMIF(Premi!$E$4:$E536,N84,Premi!$F$4:$F536) + SUMIF(Premi!$H$4:$H536,N84,Premi!$I$4:$I536) + SUMIF(Premi!$K$4:$K536,N84,Premi!$L$4:$L536)) | R84: =IF(Q84="","", SUMIF(Premi!$E$4:$E536,Q84,Premi!$F$4:$F536) + SUMIF(Premi!$H$4:$H536,Q84,Premi!$I$4:$I536) + SUMIF(Premi!$K$4:$K536,Q84,Premi!$L$4:$L536))
C85: =IF(B85<>"", SUMIF('Classifiche settimanali'!C:E,B85,'Classifiche settimanali'!D:D),"") | F85: =IF(E85<>"", SUMIF('Classifiche settimanali'!F:H,E85,'Classifiche settimanali'!G:G),"") | I85: =IF(H85="","", SUMIF('Classifiche settimanali'!C:E,H85,'Classifiche settimanali'!B:B)) | O85: =IF(N85="","", SUMIF(Premi!$E$4:$E536,N85,Premi!$F$4:$F536) + SUMIF(Premi!$H$4:$H536,N85,Premi!$I$4:$I536) + SUMIF(Premi!$K$4:$K536,N85,Premi!$L$4:$L536)) | R85: =IF(Q85="","", SUMIF(Premi!$E$4:$E536,Q85,Premi!$F$4:$F536) + SUMIF(Premi!$H$4:$H536,Q85,Premi!$I$4:$I536) + SUMIF(Premi!$K$4:$K536,Q85,Premi!$L$4:$L536))
C86: =IF(B86<>"", SUMIF('Classifiche settimanali'!C:E,B86,'Classifiche settimanali'!D:D),"") | F86: =IF(E86<>"", SUMIF('Classifiche settimanali'!F:H,E86,'Classifiche settimanali'!G:G),"") | I86: =IF(H86="","", SUMIF('Classifiche settimanali'!C:E,H86,'Classifiche settimanali'!B:B)) | O86: =IF(N86="","", SUMIF(Premi!$E$4:$E536,N86,Premi!$F$4:$F536) + SUMIF(Premi!$H$4:$H536,N86,Premi!$I$4:$I536) + SUMIF(Premi!$K$4:$K536,N86,Premi!$L$4:$L536)) | R86: =IF(Q86="","", SUMIF(Premi!$E$4:$E536,Q86,Premi!$F$4:$F536) + SUMIF(Premi!$H$4:$H536,Q86,Premi!$I$4:$I536) + SUMIF(Premi!$K$4:$K536,Q86,Premi!$L$4:$L536))
C87: =IF(B87<>"", SUMIF('Classifiche settimanali'!C:E,B87,'Classifiche settimanali'!D:D),"") | F87: =IF(E87<>"", SUMIF('Classifiche settimanali'!F:H,E87,'Classifiche settimanali'!G:G),"") | I87: =IF(H87="","", SUMIF('Classifiche settimanali'!C:E,H87,'Classifiche settimanali'!B:B)) | O87: =IF(N87="","", SUMIF(Premi!$E$4:$E536,N87,Premi!$F$4:$F536) + SUMIF(Premi!$H$4:$H536,N87,Premi!$I$4:$I536) + SUMIF(Premi!$K$4:$K536,N87,Premi!$L$4:$L536)) | R87: =IF(Q87="","", SUMIF(Premi!$E$4:$E536,Q87,Premi!$F$4:$F536) + SUMIF(Premi!$H$4:$H536,Q87,Premi!$I$4:$I536) + SUMIF(Premi!$K$4:$K536,Q87,Premi!$L$4:$L536))
C88: =IF(B88<>"", SUMIF('Classifiche settimanali'!C:E,B88,'Classifiche settimanali'!D:D),"") | F88: =IF(E88<>"", SUMIF('Classifiche settimanali'!F:H,E88,'Classifiche settimanali'!G:G),"") | I88: =IF(H88="","", SUMIF('Classifiche settimanali'!C:E,H88,'Classifiche settimanali'!B:B)) | O88: =IF(N88="","", SUMIF(Premi!$E$4:$E536,N88,Premi!$F$4:$F536) + SUMIF(Premi!$H$4:$H536,N88,Premi!$I$4:$I536) + SUMIF(Premi!$K$4:$K536,N88,Premi!$L$4:$L536)) | R88: =IF(Q88="","", SUMIF(Premi!$E$4:$E536,Q88,Premi!$F$4:$F536) + SUMIF(Premi!$H$4:$H536,Q88,Premi!$I$4:$I536) + SUMIF(Premi!$K$4:$K536,Q88,Premi!$L$4:$L536))
C89: =IF(B89<>"", SUMIF('Classifiche settimanali'!C:E,B89,'Classifiche settimanali'!D:D),"") | F89: =IF(E89<>"", SUMIF('Classifiche settimanali'!F:H,E89,'Classifiche settimanali'!G:G),"") | I89: =IF(H89="","", SUMIF('Classifiche settimanali'!C:E,H89,'Classifiche settimanali'!B:B)) | O89: =IF(N89="","", SUMIF(Premi!$E$4:$E536,N89,Premi!$F$4:$F536) + SUMIF(Premi!$H$4:$H536,N89,Premi!$I$4:$I536) + SUMIF(Premi!$K$4:$K536,N89,Premi!$L$4:$L536)) | R89: =IF(Q89="","", SUMIF(Premi!$E$4:$E536,Q89,Premi!$F$4:$F536) + SUMIF(Premi!$H$4:$H536,Q89,Premi!$I$4:$I536) + SUMIF(Premi!$K$4:$K536,Q89,Premi!$L$4:$L536))
C90: =IF(B90<>"", SUMIF('Classifiche settimanali'!C:E,B90,'Classifiche settimanali'!D:D),"") | F90: =IF(E90<>"", SUMIF('Classifiche settimanali'!F:H,E90,'Classifiche settimanali'!G:G),"") | I90: =IF(H90="","", SUMIF('Classifiche settimanali'!C:E,H90,'Classifiche settimanali'!B:B)) | O90: =IF(N90="","", SUMIF(Premi!$E$4:$E536,N90,Premi!$F$4:$F536) + SUMIF(Premi!$H$4:$H536,N90,Premi!$I$4:$I536) + SUMIF(Premi!$K$4:$K536,N90,Premi!$L$4:$L536)) | R90: =IF(Q90="","", SUMIF(Premi!$E$4:$E536,Q90,Premi!$F$4:$F536) + SUMIF(Premi!$H$4:$H536,Q90,Premi!$I$4:$I536) + SUMIF(Premi!$K$4:$K536,Q90,Premi!$L$4:$L536))
C91: =IF(B91<>"", SUMIF('Classifiche settimanali'!C:E,B91,'Classifiche settimanali'!D:D),"") | F91: =IF(E91<>"", SUMIF('Classifiche settimanali'!F:H,E91,'Classifiche settimanali'!G:G),"") | I91: =IF(H91="","", SUMIF('Classifiche settimanali'!C:E,H91,'Classifiche settimanali'!B:B)) | O91: =IF(N91="","", SUMIF(Premi!$E$4:$E536,N91,Premi!$F$4:$F536) + SUMIF(Premi!$H$4:$H536,N91,Premi!$I$4:$I536) + SUMIF(Premi!$K$4:$K536,N91,Premi!$L$4:$L536)) | R91: =IF(Q91="","", SUMIF(Premi!$E$4:$E536,Q91,Premi!$F$4:$F536) + SUMIF(Premi!$H$4:$H536,Q91,Premi!$I$4:$I536) + SUMIF(Premi!$K$4:$K536,Q91,Premi!$L$4:$L536))
C92: =IF(B92<>"", SUMIF('Classifiche settimanali'!C:E,B92,'Classifiche settimanali'!D:D),"") | F92: =IF(E92<>"", SUMIF('Classifiche settimanali'!F:H,E92,'Classifiche settimanali'!G:G),"") | I92: =IF(H92="","", SUMIF('Classifiche settimanali'!C:E,H92,'Classifiche settimanali'!B:B)) | O92: =IF(N92="","", SUMIF(Premi!$E$4:$E536,N92,Premi!$F$4:$F536) + SUMIF(Premi!$H$4:$H536,N92,Premi!$I$4:$I536) + SUMIF(Premi!$K$4:$K536,N92,Premi!$L$4:$L536)) | R92: =IF(Q92="","", SUMIF(Premi!$E$4:$E536,Q92,Premi!$F$4:$F536) + SUMIF(Premi!$H$4:$H536,Q92,Premi!$I$4:$I536) + SUMIF(Premi!$K$4:$K536,Q92,Premi!$L$4:$L536))
C93: =IF(B93<>"", SUMIF('Classifiche settimanali'!C:E,B93,'Classifiche settimanali'!D:D),"") | F93: =IF(E93<>"", SUMIF('Classifiche settimanali'!F:H,E93,'Classifiche settimanali'!G:G),"") | I93: =IF(H93="","", SUMIF('Classifiche settimanali'!C:E,H93,'Classifiche settimanali'!B:B)) | O93: =IF(N93="","", SUMIF(Premi!$E$4:$E536,N93,Premi!$F$4:$F536) + SUMIF(Premi!$H$4:$H536,N93,Premi!$I$4:$I536) + SUMIF(Premi!$K$4:$K536,N93,Premi!$L$4:$L536)) | R93: =IF(Q93="","", SUMIF(Premi!$E$4:$E536,Q93,Premi!$F$4:$F536) + SUMIF(Premi!$H$4:$H536,Q93,Premi!$I$4:$I536) + SUMIF(Premi!$K$4:$K536,Q93,Premi!$L$4:$L536))
C94: =IF(B94<>"", SUMIF('Classifiche settimanali'!C:E,B94,'Classifiche settimanali'!D:D),"") | F94: =IF(E94<>"", SUMIF('Classifiche settimanali'!F:H,E94,'Classifiche settimanali'!G:G),"") | I94: =IF(H94="","", SUMIF('Classifiche settimanali'!C:E,H94,'Classifiche settimanali'!B:B)) | O94: =IF(N94="","", SUMIF(Premi!$E$4:$E536,N94,Premi!$F$4:$F536) + SUMIF(Premi!$H$4:$H536,N94,Premi!$I$4:$I536) + SUMIF(Premi!$K$4:$K536,N94,Premi!$L$4:$L536)) | R94: =IF(Q94="","", SUMIF(Premi!$E$4:$E536,Q94,Premi!$F$4:$F536) + SUMIF(Premi!$H$4:$H536,Q94,Premi!$I$4:$I536) + SUMIF(Premi!$K$4:$K536,Q94,Premi!$L$4:$L536))
C95: =IF(B95<>"", SUMIF('Classifiche settimanali'!C:E,B95,'Classifiche settimanali'!D:D),"") | F95: =IF(E95<>"", SUMIF('Classifiche settimanali'!F:H,E95,'Classifiche settimanali'!G:G),"") | I95: =IF(H95="","", SUMIF('Classifiche settimanali'!C:E,H95,'Classifiche settimanali'!B:B)) | O95: =IF(N95="","", SUMIF(Premi!$E$4:$E536,N95,Premi!$F$4:$F536) + SUMIF(Premi!$H$4:$H536,N95,Premi!$I$4:$I536) + SUMIF(Premi!$K$4:$K536,N95,Premi!$L$4:$L536)) | R95: =IF(Q95="","", SUMIF(Premi!$E$4:$E536,Q95,Premi!$F$4:$F536) + SUMIF(Premi!$H$4:$H536,Q95,Premi!$I$4:$I536) + SUMIF(Premi!$K$4:$K536,Q95,Premi!$L$4:$L536))
C96: =IF(B96<>"", SUMIF('Classifiche settimanali'!C:E,B96,'Classifiche settimanali'!D:D),"") | F96: =IF(E96<>"", SUMIF('Classifiche settimanali'!F:H,E96,'Classifiche settimanali'!G:G),"") | I96: =IF(H96="","", SUMIF('Classifiche settimanali'!C:E,H96,'Classifiche settimanali'!B:B)) | O96: =IF(N96="","", SUMIF(Premi!$E$4:$E536,N96,Premi!$F$4:$F536) + SUMIF(Premi!$H$4:$H536,N96,Premi!$I$4:$I536) + SUMIF(Premi!$K$4:$K536,N96,Premi!$L$4:$L536)) | R96: =IF(Q96="","", SUMIF(Premi!$E$4:$E536,Q96,Premi!$F$4:$F536) + SUMIF(Premi!$H$4:$H536,Q96,Premi!$I$4:$I536) + SUMIF(Premi!$K$4:$K536,Q96,Premi!$L$4:$L536))
C97: =IF(B97<>"", SUMIF('Classifiche settimanali'!C:E,B97,'Classifiche settimanali'!D:D),"") | F97: =IF(E97<>"", SUMIF('Classifiche settimanali'!F:H,E97,'Classifiche settimanali'!G:G),"") | I97: =IF(H97="","", SUMIF('Classifiche settimanali'!C:E,H97,'Classifiche settimanali'!B:B)) | O97: =IF(N97="","", SUMIF(Premi!$E$4:$E536,N97,Premi!$F$4:$F536) + SUMIF(Premi!$H$4:$H536,N97,Premi!$I$4:$I536) + SUMIF(Premi!$K$4:$K536,N97,Premi!$L$4:$L536)) | R97: =IF(Q97="","", SUMIF(Premi!$E$4:$E536,Q97,Premi!$F$4:$F536) + SUMIF(Premi!$H$4:$H536,Q97,Premi!$I$4:$I536) + SUMIF(Premi!$K$4:$K536,Q97,Premi!$L$4:$L536))
C98: =IF(B98<>"", SUMIF('Classifiche settimanali'!C:E,B98,'Classifiche settimanali'!D:D),"") | F98: =IF(E98<>"", SUMIF('Classifiche settimanali'!F:H,E98,'Classifiche settimanali'!G:G),"") | I98: =IF(H98="","", SUMIF('Classifiche settimanali'!C:E,H98,'Classifiche settimanali'!B:B)) | O98: =IF(N98="","", SUMIF(Premi!$E$4:$E536,N98,Premi!$F$4:$F536) + SUMIF(Premi!$H$4:$H536,N98,Premi!$I$4:$I536) + SUMIF(Premi!$K$4:$K536,N98,Premi!$L$4:$L536)) | R98: =IF(Q98="","", SUMIF(Premi!$E$4:$E536,Q98,Premi!$F$4:$F536) + SUMIF(Premi!$H$4:$H536,Q98,Premi!$I$4:$I536) + SUMIF(Premi!$K$4:$K536,Q98,Premi!$L$4:$L536))
C99: =IF(B99<>"", SUMIF('Classifiche settimanali'!C:E,B99,'Classifiche settimanali'!D:D),"") | F99: =IF(E99<>"", SUMIF('Classifiche settimanali'!F:H,E99,'Classifiche settimanali'!G:G),"") | I99: =IF(H99="","", SUMIF('Classifiche settimanali'!C:E,H99,'Classifiche settimanali'!B:B)) | O99: =IF(N99="","", SUMIF(Premi!$E$4:$E536,N99,Premi!$F$4:$F536) + SUMIF(Premi!$H$4:$H536,N99,Premi!$I$4:$I536) + SUMIF(Premi!$K$4:$K536,N99,Premi!$L$4:$L536)) | R99: =IF(Q99="","", SUMIF(Premi!$E$4:$E536,Q99,Premi!$F$4:$F536) + SUMIF(Premi!$H$4:$H536,Q99,Premi!$I$4:$I536) + SUMIF(Premi!$K$4:$K536,Q99,Premi!$L$4:$L536))
C100: =IF(B100<>"", SUMIF('Classifiche settimanali'!C:E,B100,'Classifiche settimanali'!D:D),"") | F100: =IF(E100<>"", SUMIF('Classifiche settimanali'!F:H,E100,'Classifiche settimanali'!G:G),"") | I100: =IF(H100="","", SUMIF('Classifiche settimanali'!C:E,H100,'Classifiche settimanali'!B:B)) | O100: =IF(N100="","", SUMIF(Premi!$E$4:$E536,N100,Premi!$F$4:$F536) + SUMIF(Premi!$H$4:$H536,N100,Premi!$I$4:$I536) + SUMIF(Premi!$K$4:$K536,N100,Premi!$L$4:$L536)) | R100: =IF(Q100="","", SUMIF(Premi!$E$4:$E536,Q100,Premi!$F$4:$F536) + SUMIF(Premi!$H$4:$H536,Q100,Premi!$I$4:$I536) + SUMIF(Premi!$K$4:$K536,Q100,Premi!$L$4:$L536))

Sheet Classifica generale
D2: CLASSIFICA GENERALE | I2: CLASSIFICA A SQUADRE
B3: Premio Finale | C3: Pos. | D3: Utente | E3: Punti | F3: Gap | H3: Pos. | I3: Utente | J3: Punti | K3: Gap
B4: 200000 | C4: =ROW()-3&"°" -> 1° | D4: =IFERROR(__xludf.DUMMYFUNCTION("UNIQUE(QUERY('Classifiche e premi'!B2:C1000, ""select Col1, Col2 WHERE Col1<>'#REF!' Order by Col2 Desc ""))"),"Nicola Madeddu") -> Nicola Madeddu | E4: =IFERROR(__xludf.DUMMYFUNCTION("""COMPUTED_VALUE"""),125.0) -> 125 | F4: =IF(AND(D4<>"",C4<>"1°"),-($E$4-E4),"") | H4: =ROW()-3&"°" -> 1° | I4: =IFERROR(__xludf.DUMMYFUNCTION("UNIQUE(QUERY('Classifiche e premi'!E3:F1000, ""select Col1, Col2 WHERE Col1<>'#REF!' Order by Col2 Desc ""))"),"RavennaZ") -> RavennaZ | J4: =IFERROR(__xludf.DUMMYFUNCTION("""COMPUTED_VALUE"""),178.0) -> 178 | K4: =IF(AND(I4<>"",H4<>"1°"),-($E$4-J4),"")
B5: 150000 | C5: =ROW()-3&"°" -> 2° | D5: =IFERROR(__xludf.DUMMYFUNCTION("""COMPUTED_VALUE"""),"Gaetano Baiamonte") -> Gaetano Baiamonte | E5: =IFERROR(__xludf.DUMMYFUNCTION("""COMPUTED_VALUE"""),95.0) -> 95 | F5: =IF(AND(D5<>"",C5<>"1°"),-($E$4-E5),"") -> -30 | H5: =ROW()-3&"°" -> 2° | I5: =IFERROR(__xludf.DUMMYFUNCTION("""COMPUTED_VALUE"""),"Bologna") -> Bologna | J5: =IFERROR(__xludf.DUMMYFUNCTION("""COMPUTED_VALUE"""),105.0) -> 105 | K5: =IF(AND(I5<>"",H5<>"1°"),-($E$4-J5),"") -> -20
B6: 100000 | C6: =ROW()-3&"°" -> 3° | D6: =IFERROR(__xludf.DUMMYFUNCTION("""COMPUTED_VALUE"""),"Gianfranco Colucci") -> Gianfranco Colucci | E6: =IFERROR(__xludf.DUMMYFUNCTION("""COMPUTED_VALUE"""),66.0) -> 66 | F6: =IF(AND(D6<>"",C6<>"1°"),-($E$4-E6),"") -> -59 | H6: =ROW()-3&"°" -> 3° | I6: =IFERROR(__xludf.DUMMYFUNCTION("""COMPUTED_VALUE"""),"Progetto Gaming") -> Progetto Gaming | J6: =IFERROR(__xludf.DUMMYFUNCTION("""COMPUTED_VALUE"""),79.0) -> 79 | K6: =IF(AND(I6<>"",H6<>"1°"),-($E$4-J6),"") -> -46
B7: 70000 | C7: =ROW()-3&"°" -> 4° | D7: =IFERROR(__xludf.DUMMYFUNCTION("""COMPUTED_VALUE"""),"Luca Pedroletti") -> Luca Pedroletti | E7: =IFERROR(__xludf.DUMMYFUNCTION("""COMPUTED_VALUE"""),63.0) -> 63 | F7: =IF(AND(D7<>"",C7<>"1°"),-($E$4-E7),"") -> -62 | H7: =ROW()-3&"°" -> 4° | I7: =IFERROR(__xludf.DUMMYFUNCTION("""COMPUTED_VALUE"""),"Mambo") -> Mambo | J7: =IFERROR(__xludf.DUMMYFUNCTION("""COMPUTED_VALUE"""),75.0) -> 75 | K7: =IF(AND(I7<>"",H7<>"1°"),-($E$4-J7),"") -> -50
B8: 60000 | C8: =ROW()-3&"°" -> 5° | D8: =IFERROR(__xludf.DUMMYFUNCTION("""COMPUTED_VALUE"""),"Tizio Caio") -> Tizio Caio | E8: =IFERROR(__xludf.DUMMYFUNCTION("""COMPUTED_VALUE"""),55.0) -> 55 | F8: =IF(AND(D8<>"",C8<>"1°"),-($E$4-E8),"") -> -70 | H8: =ROW()-3&"°" -> 5° | I8: =IFERROR(__xludf.DUMMYFUNCTION("""COMPUTED_VALUE"""),"Reggina") -> Reggina | J8: =IFERROR(__xludf.DUMMYFUNCTION("""COMPUTED_VALUE"""),72.0) -> 72 | K8: =IF(AND(I8<>"",H8<>"1°"),-($E$4-J8),"") -> -53
B9: 50000 | C9: =ROW()-3&"°" -> 6° | D9: =IFERROR(__xludf.DUMMYFUNCTION("""COMPUTED_VALUE"""),"Loris Tigli") -> Loris Tigli | E9: =IFERROR(__xludf.DUMMYFUNCTION("""COMPUTED_VALUE"""),52.0) -> 52 | F9: =IF(AND(D9<>"",C9<>"1°"),-($E$4-E9),"") -> -73 | H9: =ROW()-3&"°" -> 6° | I9: =IFERROR(__xludf.DUMMYFUNCTION("""COMPUTED_VALUE"""),"Cervia") -> Cervia | J9: =IFERROR(__xludf.DUMMYFUNCTION("""COMPUTED_VALUE"""),63.0) -> 63 | K9: =IF(AND(I9<>"",H9<>"1°"),-($E$4-J9),"") -> -62
B10: 40000 | C10: =ROW()-3&"°" -> 7° | D10: =IFERROR(__xludf.DUMMYFUNCTION("""COMPUTED_VALUE"""),"Francesco Fusco") -> Francesco Fusco | E10: =IFERROR(__xludf.DUMMYFUNCTION("""COMPUTED_VALUE"""),49.0) -> 49 | F10: =IF(AND(D10<>"",C10<>"1°"),-($E$4-E10),"") -> -76 | H10: =ROW()-3&"°" -> 7° | I10: =IFERROR(__xludf.DUMMYFUNCTION("""COMPUTED_VALUE"""),"Cesena") -> Cesena | J10: =IFERROR(__xludf.DUMMYFUNCTION("""COMPUTED_VALUE"""),63.0) -> 63 | K10: =IF(AND(I10<>"",H10<>"1°"),-($E$4-J10),"") -> -62
B11: 30000 | C11: =ROW()-3&"°" -> 8° | D11: =IFERROR(__xludf.DUMMYFUNCTION("""COMPUTED_VALUE"""),"Paola Alessandra Pisani") -> Paola Alessandra Pisani | E11: =IFERROR(__xludf.DUMMYFUNCTION("""COMPUTED_VALUE"""),49.0) -> 49 | F11: =IF(AND(D11<>"",C11<>"1°"),-($E$4-E11),"") -> -76 | H11: =ROW()-3&"°" -> 8° | I11: =IFERROR(__xludf.DUMMYFUNCTION("""COMPUTED_VALUE"""),"Mantova") -> Mantova | J11: =IFERROR(__xludf.DUMMYFUNCTION("""COMPUTED_VALUE"""),51.0) -> 51 | K11: =IF(AND(I11<>"",H11<>"1°"),-($E$4-J11),"") -> -74
C12: =ROW()-3&"°" -> 9° | D12: =IFERROR(__xludf.DUMMYFUNCTION("""COMPUTED_VALUE"""),"Raffaele Zicolella") -> Raffaele Zicolella | E12: =IFERROR(__xludf.DUMMYFUNCTION("""COMPUTED_VALUE"""),47.0) -> 47 | F12: =IF(AND(D12<>"",C12<>"1°"),-($E$4-E12),"") -> -78 | H12: =ROW()-3&"°" -> 9° | I12: =IFERROR(__xludf.DUMMYFUNCTION("""COMPUTED_VALUE"""),"Catanzaro") -> Catanzaro | J12: =IFERROR(__xludf.DUMMYFUNCTION("""COMPUTED_VALUE"""),49.0) -> 49 | K12: =IF(AND(I12<>"",H12<>"1°"),-($E$4-J12),"") -> -76
C13: =ROW()-3&"°" -> 10° | D13: =IFERROR(__xludf.DUMMYFUNCTION("""COMPUTED_VALUE"""),"Alessandro Casiraro") -> Alessandro Casiraro | E13: =IFERROR(__xludf.DUMMYFUNCTION("""COMPUTED_VALUE"""),44.0) -> 44 | F13: =IF(AND(D13<>"",C13<>"1°"),-($E$4-E13),"") -> -81 | H13: =ROW()-3&"°" -> 10° | I13: =IFERROR(__xludf.DUMMYFUNCTION("""COMPUTED_VALUE"""),"Torino") -> Torino | J13: =IFERROR(__xludf.DUMMYFUNCTION("""COMPUTED_VALUE"""),48.0) -> 48 | K13: =IF(AND(I13<>"",H13<>"1°"),-($E$4-J13),"") -> -77
C14: =ROW()-3&"°" -> 11° | D14: =IFERROR(__xludf.DUMMYFUNCTION("""COMPUTED_VALUE"""),"Angela Iadicicco") -> Angela Iadicicco | E14: =IFERROR(__xludf.DUMMYFUNCTION("""COMPUTED_VALUE"""),43.0) -> 43 | F14: =IF(AND(D14<>"",C14<>"1°"),-($E$4-E14),"") -> -82 | H14: =ROW()-3&"°" -> 11° | I14: =IFERROR(__xludf.DUMMYFUNCTION("""COMPUTED_VALUE"""),"Padova") -> Padova | J14: =IFERROR(__xludf.DUMMYFUNCTION("""COMPUTED_VALUE"""),42.0) -> 42 | K14: =IF(AND(I14<>"",H14<>"1°"),-($E$4-J14),"") -> -83
C15: =ROW()-3&"°" -> 12° | D15: =IFERROR(__xludf.DUMMYFUNCTION("""COMPUTED_VALUE"""),"Antonio Cirino") -> Antonio Cirino | E15: =IFERROR(__xludf.DUMMYFUNCTION("""COMPUTED_VALUE"""),39.0) -> 39 | F15: =IF(AND(D15<>"",C15<>"1°"),-($E$4-E15),"") -> -86 | H15: =ROW()-3&"°" -> 12° | I15: =IFERROR(__xludf.DUMMYFUNCTION("""COMPUTED_VALUE"""),"Alessandria") -> Alessandria | J15: =IFERROR(__xludf.DUMMYFUNCTION("""COMPUTED_VALUE"""),39.0) -> 39 | K15: =IF(AND(I15<>"",H15<>"1°"),-($E$4-J15),"") -> -86
C16: =ROW()-3&"°" -> 13° | D16: =IFERROR(__xludf.DUMMYFUNCTION("""COMPUTED_VALUE"""),"Alessandro Gallo") -> Alessandro Gallo | E16: =IFERROR(__xludf.DUMMYFUNCTION("""COMPUTED_VALUE"""),30.0) -> 30 | F16: =IF(AND(D16<>"",C16<>"1°"),-($E$4-E16),"") -> -95 | H16: =ROW()-3&"°" -> 13° | I16: =IFERROR(__xludf.DUMMYFUNCTION("""COMPUTED_VALUE"""),"Garda") -> Garda | J16: =IFERROR(__xludf.DUMMYFUNCTION("""COMPUTED_VALUE"""),35.0) -> 35 | K16: =IF(AND(I16<>"",H16<>"1°"),-($E$4-J16),"") -> -90
C17: =ROW()-3&"°" -> 14° | D17: =IFERROR(__xludf.DUMMYFUNCTION("""COMPUTED_VALUE"""),"Riccardo Todaro") -> Riccardo Todaro | E17: =IFERROR(__xludf.DUMMYFUNCTION("""COMPUTED_VALUE"""),30.0) -> 30 | F17: =IF(AND(D17<>"",C17<>"1°"),-($E$4-E17),"") -> -95 | H17: =ROW()-3&"°" -> 14° | I17: =IFERROR(__xludf.DUMMYFUNCTION("""COMPUTED_VALUE"""),"Parma") -> Parma | J17: =IFERROR(__xludf.DUMMYFUNCTION("""COMPUTED_VALUE"""),34.0) -> 34 | K17: =IF(AND(I17<>"",H17<>"1°"),-($E$4-J17),"") -> -91
C18: =ROW()-3&"°" -> 15° | D18: =IFERROR(__xludf.DUMMYFUNCTION("""COMPUTED_VALUE"""),"Nicola Putton") -> Nicola Putton | E18: =IFERROR(__xludf.DUMMYFUNCTION("""COMPUTED_VALUE"""),27.0) -> 27 | F18: =IF(AND(D18<>"",C18<>"1°"),-($E$4-E18),"") -> -98 | H18: =ROW()-3&"°" -> 15° | I18: =IFERROR(__xludf.DUMMYFUNCTION("""COMPUTED_VALUE"""),"Chievo") -> Chievo | J18: =IFERROR(__xludf.DUMMYFUNCTION("""COMPUTED_VALUE"""),30.0) -> 30 | K18: =IF(AND(I18<>"",H18<>"1°"),-($E$4-J18),"") -> -95
C19: =ROW()-3&"°" -> 16° | D19: =IFERROR(__xludf.DUMMYFUNCTION("""COMPUTED_VALUE"""),"Klaus Trophobico") -> Klaus Trophobico | E19: =IFERROR(__xludf.DUMMYFUNCTION("""COMPUTED_VALUE"""),27.0) -> 27 | F19: =IF(AND(D19<>"",C19<>"1°"),-($E$4-E19),"") -> -98 | H19: =ROW()-3&"°" -> 16° | I19: =IFERROR(__xludf.DUMMYFUNCTION("""COMPUTED_VALUE"""),"Cremonese") -> Cremonese | J19: =IFERROR(__xludf.DUMMYFUNCTION("""COMPUTED_VALUE"""),26.0) -> 26 | K19: =IF(AND(I19<>"",H19<>"1°"),-($E$4-J19),"") -> -99
C20: =ROW()-3&"°" -> 17° | D20: =IFERROR(__xludf.DUMMYFUNCTION("""COMPUTED_VALUE"""),"Daniele Greca") -> Daniele Greca | E20: =IFERROR(__xludf.DUMMYFUNCTION("""COMPUTED_VALUE"""),26.0) -> 26 | F20: =IF(AND(D20<>"",C20<>"1°"),-($E$4-E20),"") -> -99 | H20: =ROW()-3&"°" -> 17° | I20: =IFERROR(__xludf.DUMMYFUNCTION("""COMPUTED_VALUE"""),"Livorno") -> Livorno | J20: =IFERROR(__xludf.DUMMYFUNCTION("""COMPUTED_VALUE"""),20.0) -> 20 | K20: =IF(AND(I20<>"",H20<>"1°"),-($E$4-J20),"") -> -105
C21: =ROW()-3&"°" -> 18° | D21: =IFERROR(__xludf.DUMMYFUNCTION("""COMPUTED_VALUE"""),"Riccardo Ricci") -> Riccardo Ricci | E21: =IFERROR(__xludf.DUMMYFUNCTION("""COMPUTED_VALUE"""),25.0) -> 25 | F21: =IF(AND(D21<>"",C21<>"1°"),-($E$4-E21),"") -> -100 | H21: =ROW()-3&"°" -> 18° | I21: =IFERROR(__xludf.DUMMYFUNCTION("""COMPUTED_VALUE"""),"Como") -> Como | J21: =IFERROR(__xludf.DUMMYFUNCTION("""COMPUTED_VALUE"""),16.0) -> 16 | K21: =IF(AND(I21<>"",H21<>"1°"),-($E$4-J21),"") -> -109
C22: =ROW()-3&"°" -> 19° | D22: =IFERROR(__xludf.DUMMYFUNCTION("""COMPUTED_VALUE"""),"Alessio Marchegiani") -> Alessio Marchegiani | E22: =IFERROR(__xludf.DUMMYFUNCTION("""COMPUTED_VALUE"""),25.0) -> 25 | F22: =IF(AND(D22<>"",C22<>"1°"),-($E$4-E22),"") -> -100 | H22: =ROW()-3&"°" -> 19° | I22: =IFERROR(__xludf.DUMMYFUNCTION("""COMPUTED_VALUE"""),"Modena") -> Modena | J22: =IFERROR(__xludf.DUMMYFUNCTION("""COMPUTED_VALUE"""),11.0) -> 11 | K22: =IF(AND(I22<>"",H22<>"1°"),-($E$4-J22),"") -> -114
C23: =ROW()-3&"°" -> 20° | D23: =IFERROR(__xludf.DUMMYFUNCTION("""COMPUTED_VALUE"""),"Stefano Serra") -> Stefano Serra | E23: =IFERROR(__xludf.DUMMYFUNCTION("""COMPUTED_VALUE"""),20.0) -> 20 | F23: =IF(AND(D23<>"",C23<>"1°"),-($E$4-E23),"") -> -105 | H23: =ROW()-3&"°" -> 20° | I23: =IFERROR(__xludf.DUMMYFUNCTION("""COMPUTED_VALUE"""),"VP") -> VP | J23: =IFERROR(__xludf.DUMMYFUNCTION("""COMPUTED_VALUE"""),8.0) -> 8 | K23: =IF(AND(I23<>"",H23<>"1°"),-($E$4-J23),"") -> -117
C24: =ROW()-3&"°" -> 21° | D24: =IFERROR(__xludf.DUMMYFUNCTION("""COMPUTED_VALUE"""),"Alessandro Ferrarese") -> Alessandro Ferrarese | E24: =IFERROR(__xludf.DUMMYFUNCTION("""COMPUTED_VALUE"""),20.0) -> 20 | F24: =IF(AND(D24<>"",C24<>"1°"),-($E$4-E24),"") -> -105 | H24: =ROW()-3&"°" -> 21° | I24: =IFERROR(__xludf.DUMMYFUNCTION("""COMPUTED_VALUE"""),"Entella") -> Entella | J24: =IFERROR(__xludf.DUMMYFUNCTION("""COMPUTED_VALUE"""),4.0) -> 4 | K24: =IF(AND(I24<>"",H24<>"1°"),-($E$4-J24),"") -> -121
C25: =ROW()-3&"°" -> 22° | D25: =IFERROR(__xludf.DUMMYFUNCTION("""COMPUTED_VALUE"""),"Mario Bochicchio") -> Mario Bochicchio | E25: =IFERROR(__xludf.DUMMYFUNCTION("""COMPUTED_VALUE"""),20.0) -> 20 | F25: =IF(AND(D25<>"",C25<>"1°"),-($E$4-E25),"") -> -105 | H25: =ROW()-3&"°" -> 22° | I25: =IFERROR(__xludf.DUMMYFUNCTION("""COMPUTED_VALUE"""),"Piacenza") -> Piacenza | J25: =IFERROR(__xludf.DUMMYFUNCTION("""COMPUTED_VALUE"""),2.0) -> 2 | K25: =IF(AND(I25<>"",H25<>"1°"),-($E$4-J25),"") -> -123
C26: =ROW()-3&"°" -> 23° | D26: =IFERROR(__xludf.DUMMYFUNCTION("""COMPUTED_VALUE"""),"Daniele Dottori") -> Daniele Dottori | E26: =IFERROR(__xludf.DUMMYFUNCTION("""COMPUTED_VALUE"""),19.0) -> 19 | F26: =IF(AND(D26<>"",C26<>"1°"),-($E$4-E26),"") -> -106 | H26: =ROW()-3&"°" -> 23° | K26: =IF(AND(I26<>"",H26<>"1°"),-($E$4-J26),"")
C27: =ROW()-3&"°" -> 24° | D27: =IFERROR(__xludf.DUMMYFUNCTION("""COMPUTED_VALUE"""),"Luca Marchetti") -> Luca Marchetti | E27: =IFERROR(__xludf.DUMMYFUNCTION("""COMPUTED_VALUE"""),17.0) -> 17 | F27: =IF(AND(D27<>"",C27<>"1°"),-($E$4-E27),"") -> -108 | H27: =ROW()-3&"°" -> 24° | K27: =IF(AND(I27<>"",H27<>"1°"),-($E$4-J27),"")
C28: =ROW()-3&"°" -> 25° | D28: =IFERROR(__xludf.DUMMYFUNCTION("""COMPUTED_VALUE"""),"Alessio Costulo") -> Alessio Costulo | E28: =IFERROR(__xludf.DUMMYFUNCTION("""COMPUTED_VALUE"""),14.0) -> 14 | F28: =IF(AND(D28<>"",C28<>"1°"),-($E$4-E28),"") -> -111 | H28: =ROW()-3&"°" -> 25° | K28: =IF(AND(I28<>"",H28<>"1°"),-($E$4-J28),"")
C29: =ROW()-3&"°" -> 26° | D29: =IFERROR(__xludf.DUMMYFUNCTION("""COMPUTED_VALUE"""),"Edoardo Marzulli") -> Edoardo Marzulli | E29: =IFERROR(__xludf.DUMMYFUNCTION("""COMPUTED_VALUE"""),11.0) -> 11 | F29: =IF(AND(D29<>"",C29<>"1°"),-($E$4-E29),"") -> -114 | H29: =ROW()-3&"°" -> 26° | K29: =IF(AND(I29<>"",H29<>"1°"),-($E$4-J29),"")
C30: =ROW()-3&"°" -> 27° | D30: =IFERROR(__xludf.DUMMYFUNCTION("""COMPUTED_VALUE"""),"Francesco Siciliano") -> Francesco Siciliano | E30: =IFERROR(__xludf.DUMMYFUNCTION("""COMPUTED_VALUE"""),8.0) -> 8 | F30: =IF(AND(D30<>"",C30<>"1°"),-($E$4-E30),"") -> -117 | H30: =ROW()-3&"°" -> 27° | K30: =IF(AND(I30<>"",H30<>"1°"),-($E$4-J30),"")
C31: =ROW()-3&"°" -> 28° | D31: =IFERROR(__xludf.DUMMYFUNCTION("""COMPUTED_VALUE"""),"Marco Bortolotti") -> Marco Bortolotti | E31: =IFERROR(__xludf.DUMMYFUNCTION("""COMPUTED_VALUE"""),2.0) -> 2 | F31: =IF(AND(D31<>"",C31<>"1°"),-($E$4-E31),"") -> -123 | H31: =ROW()-3&"°" -> 28° | K31: =IF(AND(I31<>"",H31<>"1°"),-($E$4-J31),"")
C32: =ROW()-3&"°" -> 29° | D32: =IFERROR(__xludf.DUMMYFUNCTION("""COMPUTED_VALUE"""),"Davide Costarella") -> Davide Costarella | E32: =IFERROR(__xludf.DUMMYFUNCTION("""COMPUTED_VALUE"""),1.0) -> 1 | F32: =IF(AND(D32<>"",C32<>"1°"),-($E$4-E32),"") -> -124 | H32: =ROW()-3&"°" -> 29° | K32: =IF(AND(I32<>"",H32<>"1°"),-($E$4-J32),"")
C33: =ROW()-3&"°" -> 30° | D33: =IFERROR(__xludf.DUMMYFUNCTION("""COMPUTED_VALUE"""),"Alessio Chiarelli") -> Alessio Chiarelli | E33: =IFERROR(__xludf.DUMMYFUNCTION("""COMPUTED_VALUE"""),1.0) -> 1 | F33: =IF(AND(D33<>"",C33<>"1°"),-($E$4-E33),"") -> -124 | H33: =ROW()-3&"°" -> 30° | K33: =IF(AND(I33<>"",H33<>"1°"),-($E$4-J33),"")
C34: =ROW()-3&"°" -> 31° | D34: =IFERROR(__xludf.DUMMYFUNCTION("""COMPUTED_VALUE"""),"11") -> 11 | E34: =IFERROR(__xludf.DUMMYFUNCTION("""COMPUTED_VALUE"""),0.0) -> 0 | F34: =IF(AND(D34<>"",C34<>"1°"),-($E$4-E34),"") -> -125 | H34: =ROW()-3&"°" -> 31° | K34: =IF(AND(I34<>"",H34<>"1°"),-($E$4-J34),"")
C35: =ROW()-3&"°" -> 32° | D35: =IFERROR(__xludf.DUMMYFUNCTION("""COMPUTED_VALUE"""),"12") -> 12 | E35: =IFERROR(__xludf.DUMMYFUNCTION("""COMPUTED_VALUE"""),0.0) -> 0 | F35: =IF(AND(D35<>"",C35<>"1°"),-($E$4-E35),"") -> -125 | H35: =ROW()-3&"°" -> 32° | K35: =IF(AND(I35<>"",H35<>"1°"),-($E$4-J35),"")
C36: =ROW()-3&"°" -> 33° | D36: =IFERROR(__xludf.DUMMYFUNCTION("""COMPUTED_VALUE"""),"13") -> 13 | E36: =IFERROR(__xludf.DUMMYFUNCTION("""COMPUTED_VALUE"""),0.0) -> 0 | F36: =IF(AND(D36<>"",C36<>"1°"),-($E$4-E36),"") -> -125 | H36: =ROW()-3&"°" -> 33° | K36: =IF(AND(I36<>"",H36<>"1°"),-($E$4-J36),"")
C37: =ROW()-3&"°" -> 34° | D37: =IFERROR(__xludf.DUMMYFUNCTION("""COMPUTED_VALUE"""),"14") -> 14 | E37: =IFERROR(__xludf.DUMMYFUNCTION("""COMPUTED_VALUE"""),0.0) -> 0 | F37: =IF(AND(D37<>"",C37<>"1°"),-($E$4-E37),"") -> -125 | H37: =ROW()-3&"°" -> 34° | K37: =IF(AND(I37<>"",H37<>"1°"),-($E$4-J37),"")
C38: =ROW()-3&"°" -> 35° | D38: =IFERROR(__xludf.DUMMYFUNCTION("""COMPUTED_VALUE"""),"15") -> 15 | E38: =IFERROR(__xludf.DUMMYFUNCTION("""COMPUTED_VALUE"""),0.0) -> 0 | F38: =IF(AND(D38<>"",C38<>"1°"),-($E$4-E38),"") -> -125 | H38: =ROW()-3&"°" -> 35° | K38: =IF(AND(I38<>"",H38<>"1°"),-($E$4-J38),"")
C39: =ROW()-3&"°" -> 36° | D39: =IFERROR(__xludf.DUMMYFUNCTION("""COMPUTED_VALUE"""),"16") -> 16 | E39: =IFERROR(__xludf.DUMMYFUNCTION("""COMPUTED_VALUE"""),0.0) -> 0 | F39: =IF(AND(D39<>"",C39<>"1°"),-($E$4-E39),"") -> -125 | H39: =ROW()-3&"°" -> 36° | K39: =IF(AND(I39<>"",H39<>"1°"),-($E$4-J39),"")
C40: =ROW()-3&"°" -> 37° | D40: =IFERROR(__xludf.DUMMYFUNCTION("""COMPUTED_VALUE"""),"17") -> 17 | E40: =IFERROR(__xludf.DUMMYFUNCTION("""COMPUTED_VALUE"""),0.0) -> 0 | F40: =IF(AND(D40<>"",C40<>"1°"),-($E$4-E40),"") -> -125 | H40: =ROW()-3&"°" -> 37° | K40: =IF(AND(I40<>"",H40<>"1°"),-($E$4-J40),"")
C41: =ROW()-3&"°" -> 38° | D41: =IFERROR(__xludf.DUMMYFUNCTION("""COMPUTED_VALUE"""),"18") -> 18 | E41: =IFERROR(__xludf.DUMMYFUNCTION("""COMPUTED_VALUE"""),0.0) -> 0 | F41: =IF(AND(D41<>"",C41<>"1°"),-($E$4-E41),"") -> -125 | H41: =ROW()-3&"°" -> 38° | K41: =IF(AND(I41<>"",H41<>"1°"),-($E$4-J41),"")
C42: =ROW()-3&"°" -> 39° | D42: =IFERROR(__xludf.DUMMYFUNCTION("""COMPUTED_VALUE"""),"19") -> 19 | E42: =IFERROR(__xludf.DUMMYFUNCTION("""COMPUTED_VALUE"""),0.0) -> 0 | F42: =IF(AND(D42<>"",C42<>"1°"),-($E$4-E42),"") -> -125 | H42: =ROW()-3&"°" -> 39° | K42: =IF(AND(I42<>"",H42<>"1°"),-($E$4-J42),"")
C43: =ROW()-3&"°" -> 40° | F43: =IF(AND(D43<>"",C43<>"1°"),-($E$4-E43),"") | H43: =ROW()-3&"°" -> 40° | K43: =IF(AND(I43<>"",H43<>"1°"),-($E$4-J43),"")
C44: =ROW()-3&"°" -> 41° | F44: =IF(AND(D44<>"",C44<>"1°"),-($E$4-E44),"") | H44: =ROW()-3&"°" -> 41° | K44: =IF(AND(I44<>"",H44<>"1°"),-($E$4-J44),"")
C45: =ROW()-3&"°" -> 42° | F45: =IF(AND(D45<>"",C45<>"1°"),-($E$4-E45),"") | H45: =ROW()-3&"°" -> 42° | K45: =IF(AND(I45<>"",H45<>"1°"),-($E$4-J45),"")
C46: =ROW()-3&"°" -> 43° | F46: =IF(AND(D46<>"",C46<>"1°"),-($E$4-E46),"") | H46: =ROW()-3&"°" -> 43° | K46: =IF(AND(I46<>"",H46<>"1°"),-($E$4-J46),"")
C47: =ROW()-3&"°" -> 44° | F47: =IF(AND(D47<>"",C47<>"1°"),-($E$4-E47),"") | H47: =ROW()-3&"°" -> 44° | K47: =IF(AND(I47<>"",H47<>"1°"),-($E$4-J47),"")
C48: =ROW()-3&"°" -> 45° | F48: =IF(AND(D48<>"",C48<>"1°"),-($E$4-E48),"") | H48: =ROW()-3&"°" -> 45° | K48: =IF(AND(I48<>"",H48<>"1°"),-($E$4-J48),"")
C49: =ROW()-3&"°" -> 46° | F49: =IF(AND(D49<>"",C49<>"1°"),-($E$4-E49),"") | H49: =ROW()-3&"°" -> 46° | K49: =IF(AND(I49<>"",H49<>"1°"),-($E$4-J49),"")
C50: =ROW()-3&"°" -> 47° | F50: =IF(AND(D50<>"",C50<>"1°"),-($E$4-E50),"") | H50: =ROW()-3&"°" -> 47° | K50: =IF(AND(I50<>"",H50<>"1°"),-($E$4-J50),"")
C51: =ROW()-3&"°" -> 48° | F51: =IF(AND(D51<>"",C51<>"1°"),-($E$4-E51),"") | H51: =ROW()-3&"°" -> 48° | K51: =IF(AND(I51<>"",H51<>"1°"),-($E$4-J51),"")
C52: =ROW()-3&"°" -> 49° | F52: =IF(AND(D52<>"",C52<>"1°"),-($E$4-E52),"") | H52: =ROW()-3&"°" -> 49° | K52: =IF(AND(I52<>"",H52<>"1°"),-($E$4-J52),"")
C53: =ROW()-3&"°" -> 50° | F53: =IF(AND(D53<>"",C53<>"1°"),-($E$4-E53),"") | H53: =ROW()-3&"°" -> 50° | K53: =IF(AND(I53<>"",H53<>"1°"),-($E$4-J53),"")
C54: =ROW()-3&"°" -> 51° | F54: =IF(AND(D54<>"",C54<>"1°"),-($E$4-E54),"") | H54: =ROW()-3&"°" -> 51° | K54: =IF(AND(I54<>"",H54<>"1°"),-($E$4-J54),"")
... C63: =ROW()-3&"°" -> 60° | F63: =IF(AND(D63<>"",C63<>"1°"),-($E$4-E63),"") | H63: =ROW()-3&"°" -> 60° | K63: =IF(AND(I63<>"",H63<>"1°"),-($E$4-J63),"")

Sheet Classifiche settimanali
C2: celle modificabili | H2: celle modificabili
C3: celle non modificabili | H3: celle non modificabili
C5: 1 | H5: 1
B6: ="Concorso #"&TEXT(C5,"00") -> Concorso #01 | G6: ="Concorso #"&TEXT(H5,"00") -> Concorso #01
B7: Premi | C7: Utente | D7: Punti | G7: Premi | H7: Utente | I7: Squadra | J7: Punti
B8: 20000 | C8: =IFERROR(__xludf.DUMMYFUNCTION("QUERY(INDIRECT(""'""&""Concorso #""&TEXT(C5,""00"")&""'!B6:C15""), ""select Col2,Col1"")"),"Riccardo Ricci") -> Riccardo Ricci | D8: =IFERROR(__xludf.DUMMYFUNCTION("""COMPUTED_VALUE"""),25.0) -> 25 | G8: 20000 | H8: Riccardo Ricci | I8: Cremonese | J8: 25
B9: 10000 | C9: =IFERROR(__xludf.DUMMYFUNCTION("""COMPUTED_VALUE"""),"Stefano Serra") -> Stefano Serra | D9: =IFERROR(__xludf.DUMMYFUNCTION("""COMPUTED_VALUE"""),20.0) -> 20 | G9: 10000 | H9: Stefano Serra | I9: Padova | J9: 20
B10: 5000 | C10: =IFERROR(__xludf.DUMMYFUNCTION("""COMPUTED_VALUE"""),"Raffaele Zicolella") -> Raffaele Zicolella | D10: =IFERROR(__xludf.DUMMYFUNCTION("""COMPUTED_VALUE"""),16.0) -> 16 | G10: 5000 | H10: Raffaele Zicolella | I10: Como | J10: 16
C11: =IFERROR(__xludf.DUMMYFUNCTION("""COMPUTED_VALUE"""),"Daniele Dottori") -> Daniele Dottori | D11: =IFERROR(__xludf.DUMMYFUNCTION("""COMPUTED_VALUE"""),13.0) -> 13 | H11: Daniele Dottori | I11: Mantova | J11: 13
C12: =IFERROR(__xludf.DUMMYFUNCTION("""COMPUTED_VALUE"""),"Nicola Putton") -> Nicola Putton | D12: =IFERROR(__xludf.DUMMYFUNCTION("""COMPUTED_VALUE"""),10.0) -> 10 | H12: Nicola Putton | I12: Garda | J12: 10
C13: =IFERROR(__xludf.DUMMYFUNCTION("""COMPUTED_VALUE"""),"Gaetano Baiamonte") -> Gaetano Baiamonte | D13: =IFERROR(__xludf.DUMMYFUNCTION("""COMPUTED_VALUE"""),8.0) -> 8 | H13: Gaetano Baiamonte | I13: RavennaZ | J13: 8
C14: =IFERROR(__xludf.DUMMYFUNCTION("""COMPUTED_VALUE"""),"Alessandro Casiraro") -> Alessandro Casiraro | D14: =IFERROR(__xludf.DUMMYFUNCTION("""COMPUTED_VALUE"""),6.0) -> 6 | H14: Alessandro Casiraro | I14: Catanzaro | J14: 6
C15: =IFERROR(__xludf.DUMMYFUNCTION("""COMPUTED_VALUE"""),"Nicola Madeddu") -> Nicola Madeddu | D15: =IFERROR(__xludf.DUMMYFUNCTION("""COMPUTED_VALUE"""),4.0) -> 4 | H15: Tizio Caio | I15: Cervia | J15: 4
C16: =IFERROR(__xludf.DUMMYFUNCTION("""COMPUTED_VALUE"""),"Tizio Caio") -> Tizio Caio | D16: =IFERROR(__xludf.DUMMYFUNCTION("""COMPUTED_VALUE"""),2.0) -> 2 | H16: Luca Pedroletti | I16: Reggina | J16: 2
C17: =IFERROR(__xludf.DUMMYFUNCTION("""COMPUTED_VALUE"""),"Luca Pedroletti") -> Luca Pedroletti | D17: =IFERROR(__xludf.DUMMYFUNCTION("""COMPUTED_VALUE"""),1.0) -> 1 | H17: Alessio Costulo | I17: Torino | J17: 1
C19: 2 | H19: 2
B20: ="Concorso #"&TEXT(C19,"00") -> Concorso #02 | G20: ="Concorso #"&TEXT(H19,"00") -> Concorso #02
B21: Premi | C21: Utente | D21: Punti | G21: Premi | H21: Utente | I21: Squadra | J21: Punti
B22: 20000 | C22: =IFERROR(__xludf.DUMMYFUNCTION("QUERY(INDIRECT(""'""&""Concorso #""&TEXT(C19,""00"")&""'!B6:C15""), ""select Col2,Col1"")"),"Gaetano Baiamonte") -> Gaetano Baiamonte | D22: =IFERROR(__xludf.DUMMYFUNCTION("""COMPUTED_VALUE"""),25.0) -> 25 | G22: 20000 | H22: Gaetano Baiamonte | I22: RavennaZ | J22: 25
B23: 10000 | C23: =IFERROR(__xludf.DUMMYFUNCTION("""COMPUTED_VALUE"""),"Nicola Madeddu") -> Nicola Madeddu | D23: =IFERROR(__xludf.DUMMYFUNCTION("""COMPUTED_VALUE"""),20.0) -> 20 | G23: 10000 | H23: Luca Pedroletti | I23: Reggina | J23: 20
B24: 5000 | C24: =IFERROR(__xludf.DUMMYFUNCTION("""COMPUTED_VALUE"""),"Luca Pedroletti") -> Luca Pedroletti | D24: =IFERROR(__xludf.DUMMYFUNCTION("""COMPUTED_VALUE"""),16.0) -> 16 | G24: 5000 | H24: Alessandro Casiraro | I24: Catanzaro | J24: 16
C25: =IFERROR(__xludf.DUMMYFUNCTION("""COMPUTED_VALUE"""),"Alessandro Casiraro") -> Alessandro Casiraro | D25: =IFERROR(__xludf.DUMMYFUNCTION("""COMPUTED_VALUE"""),13.0) -> 13 | H25: Alessandro Gallo | I25: Bologna | J25: 13
C26: =IFERROR(__xludf.DUMMYFUNCTION("""COMPUTED_VALUE"""),"Alessandro Gallo") -> Alessandro Gallo | D26: =IFERROR(__xludf.DUMMYFUNCTION("""COMPUTED_VALUE"""),10.0) -> 10 | H26: Gianfranco Colucci | I26: Mambo | J26: 10
C27: =IFERROR(__xludf.DUMMYFUNCTION("""COMPUTED_VALUE"""),"Gianfranco Colucci") -> Gianfranco Colucci | D27: =IFERROR(__xludf.DUMMYFUNCTION("""COMPUTED_VALUE"""),8.0) -> 8 | H27: Daniele Dottori | I27: Mantova | J27: 8
C28: =IFERROR(__xludf.DUMMYFUNCTION("""COMPUTED_VALUE"""),"Angela Iadicicco") -> Angela Iadicicco | D28: =IFERROR(__xludf.DUMMYFUNCTION("""COMPUTED_VALUE"""),6.0) -> 6 | H28: Alessio Marchegiani | I28: Parma | J28: 6
C29: =IFERROR(__xludf.DUMMYFUNCTION("""COMPUTED_VALUE"""),"Daniele Dottori") -> Daniele Dottori | D29: =IFERROR(__xludf.DUMMYFUNCTION("""COMPUTED_VALUE"""),4.0) -> 4 | H29: Davide Costarella | I29: Entella | J29: 4
C30: =IFERROR(__xludf.DUMMYFUNCTION("""COMPUTED_VALUE"""),"Alessio Marchegiani") -> Alessio Marchegiani | D30: =IFERROR(__xludf.DUMMYFUNCTION("""COMPUTED_VALUE"""),2.0) -> 2 | H30: Francesco Fusco | I30: Progetto Gaming | J30: 2
C31: =IFERROR(__xludf.DUMMYFUNCTION("""COMPUTED_VALUE"""),"Davide Costarella") -> Davide Costarella | D31: =IFERROR(__xludf.DUMMYFUNCTION("""COMPUTED_VALUE"""),1.0) -> 1 | H31: Daniele Greca | I31: Chievo | J31: 1
C33: 3 | H33: 3
B34: ="Concorso #"&TEXT(C33,"00") -> Concorso #03 | G34: ="Concorso #"&TEXT(H33,"00") -> Concorso #03
B35: Premi | C35: Utente | D35: Punti | G35: Premi | H35: Utente | J35: Punti
B36: 20000 | C36: =IFERROR(__xludf.DUMMYFUNCTION("QUERY(INDIRECT(""'""&""Concorso #""&TEXT(C33,""00"")&""'!B6:C15""), ""select Col2,Col1"")"),"Gianfranco Colucci") -> Gianfranco Colucci | D36: =IFERROR(__xludf.DUMMYFUNCTION("""COMPUTED_VALUE"""),25.0) -> 25 | G36: 20000 | H36: Gianfranco Colucci | I36: Mambo | J36: 25
B37: 10000 | C37: =IFERROR(__xludf.DUMMYFUNCTION("""COMPUTED_VALUE"""),"Alessandro Ferrarese") -> Alessandro Ferrarese | D37: =IFERROR(__xludf.DUMMYFUNCTION("""COMPUTED_VALUE"""),20.0) -> 20 | G37: 10000 | H37: Alessandro Ferrarese | I37: Livorno | J37: 20
B38: 5000 | C38: =IFERROR(__xludf.DUMMYFUNCTION("""COMPUTED_VALUE"""),"Gaetano Baiamonte") -> Gaetano Baiamonte | D38: =IFERROR(__xludf.DUMMYFUNCTION("""COMPUTED_VALUE"""),16.0) -> 16 | G38: 5000 | H38: Gaetano Baiamonte | I38: RavennaZ | J38: 16
C39: =IFERROR(__xludf.DUMMYFUNCTION("""COMPUTED_VALUE"""),"Klaus Trophobico") -> Klaus Trophobico | D39: =IFERROR(__xludf.DUMMYFUNCTION("""COMPUTED_VALUE"""),13.0) -> 13 | H39: Klaus Trophobico | I39: Progetto Gaming | J39: 13
C40: =IFERROR(__xludf.DUMMYFUNCTION("""COMPUTED_VALUE"""),"Edoardo Marzulli") -> Edoardo Marzulli | D40: =IFERROR(__xludf.DUMMYFUNCTION("""COMPUTED_VALUE"""),10.0) -> 10 | H40: Edoardo Marzulli | I40: Modena | J40: 10
C41: =IFERROR(__xludf.DUMMYFUNCTION("""COMPUTED_VALUE"""),"Francesco Siciliano") -> Francesco Siciliano | D41: =IFERROR(__xludf.DUMMYFUNCTION("""COMPUTED_VALUE"""),8.0) -> 8 | H41: Francesco Siciliano | I41: VP | J41: 8
C42: =IFERROR(__xludf.DUMMYFUNCTION("""COMPUTED_VALUE"""),"Alessandro Gallo") -> Alessandro Gallo | D42: =IFERROR(__xludf.DUMMYFUNCTION("""COMPUTED_VALUE"""),6.0) -> 6 | H42: Alessandro Gallo | I42: Bologna | J42: 6
C43: =IFERROR(__xludf.DUMMYFUNCTION("""COMPUTED_VALUE"""),"Alessio Costulo") -> Alessio Costulo | D43: =IFERROR(__xludf.DUMMYFUNCTION("""COMPUTED_VALUE"""),4.0) -> 4 | H43: Alessio Costulo | I43: Torino | J43: 4
C44: =IFERROR(__xludf.DUMMYFUNCTION("""COMPUTED_VALUE"""),"Marco Bortolotti") -> Marco Bortolotti | D44: =IFERROR(__xludf.DUMMYFUNCTION("""COMPUTED_VALUE"""),2.0) -> 2 | H44: Marco Bortolotti | I44: Piacenza | J44: 2
C45: =IFERROR(__xludf.DUMMYFUNCTION("""COMPUTED_VALUE"""),"Luca Pedroletti") -> Luca Pedroletti | D45: =IFERROR(__xludf.DUMMYFUNCTION("""COMPUTED_VALUE"""),1.0) -> 1 | H45: Luca Pedroletti | I45: Reggina | J45: 1
C47: 4 | H47: 4
B48: ="Concorso #"&TEXT(C47,"00") -> Concorso #04 | G48: ="Concorso #"&TEXT(H47,"00") -> Concorso #04
B49: Premi | C49: Utente | D49: Punti | G49: Premi | H49: Utente | J49: Punti
B50: 20000 | C50: =IFERROR(__xludf.DUMMYFUNCTION("QUERY(INDIRECT(""'""&""Concorso #""&TEXT(C47,""00"")&""'!B6:C15""), ""select Col2,Col1"")"),"Alessandro Casiraro") -> Alessandro Casiraro | D50: =IFERROR(__xludf.DUMMYFUNCTION("""COMPUTED_VALUE"""),25.0) -> 25 | G50: 20000 | H50: Alessandro Casiraro | I50: Catanzaro | J50: 25
B51: 10000 | C51: =IFERROR(__xludf.DUMMYFUNCTION("""COMPUTED_VALUE"""),"Gaetano Baiamonte") -> Gaetano Baiamonte | D51: =IFERROR(__xludf.DUMMYFUNCTION("""COMPUTED_VALUE"""),20.0) -> 20 | G51: 10000 | H51: Gaetano Baiamonte | I51: RavennaZ | J51: 20
B52: 5000 | C52: =IFERROR(__xludf.DUMMYFUNCTION("""COMPUTED_VALUE"""),"Riccardo Todaro") -> Riccardo Todaro | D52: =IFERROR(__xludf.DUMMYFUNCTION("""COMPUTED_VALUE"""),16.0) -> 16 | G52: 5000 | H52: Riccardo Todaro | I52: Torino | J52: 16
C53: =IFERROR(__xludf.DUMMYFUNCTION("""COMPUTED_VALUE"""),"Angela Iadicicco") -> Angela Iadicicco | D53: =IFERROR(__xludf.DUMMYFUNCTION("""COMPUTED_VALUE"""),13.0) -> 13 | H53: Angela Iadicicco | I53: Bologna | J53: 13
C54: =IFERROR(__xludf.DUMMYFUNCTION("""COMPUTED_VALUE"""),"Nicola Madeddu") -> Nicola Madeddu | D54: =IFERROR(__xludf.DUMMYFUNCTION("""COMPUTED_VALUE"""),10.0) -> 10 | H54: Luca Pedroletti | I54: Reggina | J54: 10
C55: =IFERROR(__xludf.DUMMYFUNCTION("""COMPUTED_VALUE"""),"Luca Pedroletti") -> Luca Pedroletti | D55: =IFERROR(__xludf.DUMMYFUNCTION("""COMPUTED_VALUE"""),8.0) -> 8 | H55: Gianfranco Colucci | I55: Mambo | J55: 8
C56: =IFERROR(__xludf.DUMMYFUNCTION("""COMPUTED_VALUE"""),"Loris Tigli") -> Loris Tigli | D56: =IFERROR(__xludf.DUMMYFUNCTION("""COMPUTED_VALUE"""),6.0) -> 6 | H56: Klaus Trophobico | I56: Progetto Gaming | J56: 6
C57: =IFERROR(__xludf.DUMMYFUNCTION("""COMPUTED_VALUE"""),"Gianfranco Colucci") -> Gianfranco Colucci | D57: =IFERROR(__xludf.DUMMYFUNCTION("""COMPUTED_VALUE"""),4.0) -> 4 | H57: Daniele Dottori | I57: Mantova | J57: 4
C58: =IFERROR(__xludf.DUMMYFUNCTION("""COMPUTED_VALUE"""),"Alessio Costulo") -> Alessio Costulo | D58: =IFERROR(__xludf.DUMMYFUNCTION("""COMPUTED_VALUE"""),2.0) -> 2 | H58: Stefano Serra | I58: Padova | J58: 2
C59: =IFERROR(__xludf.DUMMYFUNCTION("""COMPUTED_VALUE"""),"Klaus Trophobico") -> Klaus Trophobico | D59: =IFERROR(__xludf.DUMMYFUNCTION("""COMPUTED_VALUE"""),1.0) -> 1 | H59: Riccardo Ricci | I59: Cremonese | J59: 1
C61: 5 | H61: 5
B62: ="Concorso #"&TEXT(C61,"00") -> Concorso #05 | G62: ="Concorso #"&TEXT(H61,"00") -> Concorso #05
B63: Premi | C63: Utente | D63: Punti | G63: Premi | H63: Utente | J63: Punti
B64: 20000 | C64: =IFERROR(__xludf.DUMMYFUNCTION("QUERY(INDIRECT(""'""&""Concorso #""&TEXT(C61,""00"")&""'!B6:C15""), ""select Col2,Col1"")"),"Daniele Greca") -> Daniele Greca | D64: =IFERROR(__xludf.DUMMYFUNCTION("""COMPUTED_VALUE"""),25.0) -> 25 | G64: 20000 | H64: Daniele Greca | I64: Chievo | J64: 25
B65: 10000 | C65: =IFERROR(__xludf.DUMMYFUNCTION("""COMPUTED_VALUE"""),"Mario Bochicchio") -> Mario Bochicchio | D65: =IFERROR(__xludf.DUMMYFUNCTION("""COMPUTED_VALUE"""),20.0) -> 20 | G65: 10000 | H65: Mario Bochicchio | I65: Padova | J65: 20
B66: 5000 | C66: =IFERROR(__xludf.DUMMYFUNCTION("""COMPUTED_VALUE"""),"Francesco Fusco") -> Francesco Fusco | D66: =IFERROR(__xludf.DUMMYFUNCTION("""COMPUTED_VALUE"""),16.0) -> 16 | G66: 5000 | H66: Francesco Fusco | I66: Progetto Gaming | J66: 16
C67: =IFERROR(__xludf.DUMMYFUNCTION("""COMPUTED_VALUE"""),"Alessio Marchegiani") -> Alessio Marchegiani | D67: =IFERROR(__xludf.DUMMYFUNCTION("""COMPUTED_VALUE"""),13.0) -> 13 | H67: Alessio Marchegiani | I67: Parma | J67: 13
C68: =IFERROR(__xludf.DUMMYFUNCTION("""COMPUTED_VALUE"""),"Nicola Madeddu") -> Nicola Madeddu | D68: =IFERROR(__xludf.DUMMYFUNCTION("""COMPUTED_VALUE"""),10.0) -> 10 | H68: Nicola Madeddu | I68: RavennaZ | J68: 10
C69: =IFERROR(__xludf.DUMMYFUNCTION("""COMPUTED_VALUE"""),"Alessandro Gallo") -> Alessandro Gallo | D69: =IFERROR(__xludf.DUMMYFUNCTION("""COMPUTED_VALUE"""),8.0) -> 8 | H69: Alessandro Gallo | I69: Bologna | J69: 8
C70: =IFERROR(__xludf.DUMMYFUNCTION("""COMPUTED_VALUE"""),"Gianfranco Colucci") -> Gianfranco Colucci | D70: =IFERROR(__xludf.DUMMYFUNCTION("""COMPUTED_VALUE"""),6.0) -> 6 | H70: Gianfranco Colucci | I70: Mambo | J70: 6
C71: =IFERROR(__xludf.DUMMYFUNCTION("""COMPUTED_VALUE"""),"Luca Pedroletti") -> Luca Pedroletti | D71: =IFERROR(__xludf.DUMMYFUNCTION("""COMPUTED_VALUE"""),4.0) -> 4 | H71: Luca Pedroletti | I71: Reggina | J71: 4
C72: =IFERROR(__xludf.DUMMYFUNCTION("""COMPUTED_VALUE"""),"Daniele Dottori") -> Daniele Dottori | D72: =IFERROR(__xludf.DUMMYFUNCTION("""COMPUTED_VALUE"""),2.0) -> 2 | H72: Daniele Dottori | I72: Mantova | J72: 2
C73: =IFERROR(__xludf.DUMMYFUNCTION("""COMPUTED_VALUE"""),"Antonio Cirino") -> Antonio Cirino | D73: =IFERROR(__xludf.DUMMYFUNCTION("""COMPUTED_VALUE"""),1.0) -> 1 | H73: Antonio Cirino | I73: Alessandria | J73: 1
C75: 6 | H75: 6
B76: ="Concorso #"&TEXT(C75,"00") -> Concorso #06 | G76: ="Concorso #"&TEXT(H75,"00") -> Concorso #06
B77: Premi | C77: Utente | D77: Punti | G77: Premi | H77: Utente | J77: Punti
B78: 20000 | C78: =IFERROR(__xludf.DUMMYFUNCTION("QUERY(INDIRECT(""'""&""Concorso #""&TEXT(C75,""00"")&""'!B6:C15""), ""select Col2,Col1"")"),"Luca Pedroletti") -> Luca Pedroletti | D78: =IFERROR(__xludf.DUMMYFUNCTION("""COMPUTED_VALUE"""),25.0) -> 25 | G78: 20000 | H78: Luca Pedroletti | I78: Reggina | J78: 25
B79: 10000 | C79: =IFERROR(__xludf.DUMMYFUNCTION("""COMPUTED_VALUE"""),"Paola Alessandra Pisani") -> Paola Alessandra Pisani | D79: =IFERROR(__xludf.DUMMYFUNCTION("""COMPUTED_VALUE"""),20.0) -> 20 | G79: 10000 | H79: Paola Alessandra Pisani | I79: Cesena | J79: 20
B80: 5000 | C80: =IFERROR(__xludf.DUMMYFUNCTION("""COMPUTED_VALUE"""),"Loris Tigli") -> Loris Tigli | D80: =IFERROR(__xludf.DUMMYFUNCTION("""COMPUTED_VALUE"""),16.0) -> 16 | G80: 5000 | H80: Loris Tigli | I80: Bologna | J80: 16
C81: =IFERROR(__xludf.DUMMYFUNCTION("""COMPUTED_VALUE"""),"Tizio Caio") -> Tizio Caio | D81: =IFERROR(__xludf.DUMMYFUNCTION("""COMPUTED_VALUE"""),13.0) -> 13 | H81: Tizio Caio | I81: Cervia | J81: 13
C82: =IFERROR(__xludf.DUMMYFUNCTION("""COMPUTED_VALUE"""),"Gianfranco Colucci") -> Gianfranco Colucci | D82: =IFERROR(__xludf.DUMMYFUNCTION("""COMPUTED_VALUE"""),10.0) -> 10 | H82: Gianfranco Colucci | I82: Mambo | J82: 10
C83: =IFERROR(__xludf.DUMMYFUNCTION("""COMPUTED_VALUE"""),"Luca Marchetti") -> Luca Marchetti | D83: =IFERROR(__xludf.DUMMYFUNCTION("""COMPUTED_VALUE"""),8.0) -> 8 | H83: Luca Marchetti | I83: Mantova | J83: 8
C84: =IFERROR(__xludf.DUMMYFUNCTION("""COMPUTED_VALUE"""),"Riccardo Todaro") -> Riccardo Todaro | D84: =IFERROR(__xludf.DUMMYFUNCTION("""COMPUTED_VALUE"""),6.0) -> 6 | H84: Riccardo Todaro | I84: Torino | J84: 6
C85: =IFERROR(__xludf.DUMMYFUNCTION("""COMPUTED_VALUE"""),"Nicola Madeddu") -> Nicola Madeddu | D85: =IFERROR(__xludf.DUMMYFUNCTION("""COMPUTED_VALUE"""),4.0) -> 4 | H85: Nicola Madeddu | I85: RavennaZ | J85: 4
C86: =IFERROR(__xludf.DUMMYFUNCTION("""COMPUTED_VALUE"""),"Antonio Cirino") -> Antonio Cirino | D86: =IFERROR(__xludf.DUMMYFUNCTION("""COMPUTED_VALUE"""),2.0) -> 2 | H86: Antonio Cirino | I86: Alessandria | J86: 2
C87: =IFERROR(__xludf.DUMMYFUNCTION("""COMPUTED_VALUE"""),"Edoardo Marzulli") -> Edoardo Marzulli | D87: =IFERROR(__xludf.DUMMYFUNCTION("""COMPUTED_VALUE"""),1.0) -> 1 | H87: Edoardo Marzulli | I87: Modena | J87: 1
C89: 7 | H89: 7
B90: ="Concorso #"&TEXT(C89,"00") -> Concorso #07 | G90: ="Concorso #"&TEXT(H89,"00") -> Concorso #07
B91: Premi | C91: Utente | D91: Punti | G91: Premi | H91: Utente | J91: Punti
B92: 20000 | C92: =IFERROR(__xludf.DUMMYFUNCTION("QUERY(INDIRECT(""'""&""Concorso #""&TEXT(C89,""00"")&""'!B6:C15""), ""select Col2,Col1"")"),"Nicola Madeddu") -> Nicola Madeddu | D92: =IFERROR(__xludf.DUMMYFUNCTION("""COMPUTED_VALUE"""),25.0) -> 25 | G92: 20000 | H92: Nicola Madeddu | I92: RavennaZ | J92: 25
B93: 10000 | C93: =IFERROR(__xludf.DUMMYFUNCTION("""COMPUTED_VALUE"""),"Antonio Cirino") -> Antonio Cirino | D93: =IFERROR(__xludf.DUMMYFUNCTION("""COMPUTED_VALUE"""),20.0) -> 20 | G93: 10000 | H93: Antonio Cirino | I93: Alessandria | J93: 20
B94: 5000 | C94: =IFERROR(__xludf.DUMMYFUNCTION("""COMPUTED_VALUE"""),"Angela Iadicicco") -> Angela Iadicicco | D94: =IFERROR(__xludf.DUMMYFUNCTION("""COMPUTED_VALUE"""),16.0) -> 16 | G94: 5000 | H94: Angela Iadicicco | I94: Bologna | J94: 16
C95: =IFERROR(__xludf.DUMMYFUNCTION("""COMPUTED_VALUE"""),"Gianfranco Colucci") -> Gianfranco Colucci | D95: =IFERROR(__xludf.DUMMYFUNCTION("""COMPUTED_VALUE"""),13.0) -> 13 | H95: Gianfranco Colucci | I95: Mambo | J95: 13
C96: =IFERROR(__xludf.DUMMYFUNCTION("""COMPUTED_VALUE"""),"Tizio Caio") -> Tizio Caio | D96: =IFERROR(__xludf.DUMMYFUNCTION("""COMPUTED_VALUE"""),10.0) -> 10 | H96: Tizio Caio | I96: Cervia | J96: 10
C97: =IFERROR(__xludf.DUMMYFUNCTION("""COMPUTED_VALUE"""),"Riccardo Todaro") -> Riccardo Todaro | D97: =IFERROR(__xludf.DUMMYFUNCTION("""COMPUTED_VALUE"""),8.0) -> 8 | H97: Riccardo Todaro | I97: Torino | J97: 8
C98: =IFERROR(__xludf.DUMMYFUNCTION("""COMPUTED_VALUE"""),"Loris Tigli") -> Loris Tigli | D98: =IFERROR(__xludf.DUMMYFUNCTION("""COMPUTED_VALUE"""),6.0) -> 6 | H98: Paola Alessandra Pisani | I98: Cesena | J98: 6
C99: =IFERROR(__xludf.DUMMYFUNCTION("""COMPUTED_VALUE"""),"Alessandro Gallo") -> Alessandro Gallo | D99: =IFERROR(__xludf.DUMMYFUNCTION("""COMPUTED_VALUE"""),4.0) -> 4 | H99: Klaus Trophobico | I99: Progetto Gaming | J99: 4
C100: =IFERROR(__xludf.DUMMYFUNCTION("""COMPUTED_VALUE"""),"Paola Alessandra Pisani") -> Paola Alessandra Pisani | D100: =IFERROR(__xludf.DUMMYFUNCTION("""COMPUTED_VALUE"""),2.0) -> 2 | H100: Nicola Putton | I100: Garda | J100: 2
C101: =IFERROR(__xludf.DUMMYFUNCTION("""COMPUTED_VALUE"""),"Gaetano Baiamonte") -> Gaetano Baiamonte | D101: =IFERROR(__xludf.DUMMYFUNCTION("""COMPUTED_VALUE"""),1.0) -> 1 | H101: Alessio Marchegiani | I101: Parma | J101: 1
C103: 8 | H103: 8
B104: ="Concorso #"&TEXT(C103,"00") -> Concorso #08 | G104: ="Concorso #"&TEXT(H103,"00") -> Concorso #08
B105: Premi | C105: Utente | D105: Punti | G105: Premi | H105: Utente | J105: Punti
B106: 20000 | C106: =IFERROR(__xludf.DUMMYFUNCTION("QUERY(INDIRECT(""'""&""Concorso #""&TEXT(C103,""00"")&""'!B6:C15""), ""select Col2,Col1"")"),"Paola Alessandra Pisani") -> Paola Alessandra Pisani | D106: =IFERROR(__xludf.DUMMYFUNCTION("""COMPUTED_VALUE"""),25.0) -> 25 | G106: 20000 | H106: Paola Alessandra Pisani | I106: Cesena | J106: 25
B107: 10000 | C107: =IFERROR(__xludf.DUMMYFUNCTION("""COMPUTED_VALUE"""),"Nicola Madeddu") -> Nicola Madeddu | D107: =IFERROR(__xludf.DUMMYFUNCTION("""COMPUTED_VALUE"""),20.0) -> 20 | G107: 10000 | H107: Nicola Madeddu | I107: RavennaZ | J107: 20
B108: 5000 | C108: =IFERROR(__xludf.DUMMYFUNCTION("""COMPUTED_VALUE"""),"Antonio Cirino") -> Antonio Cirino | D108: =IFERROR(__xludf.DUMMYFUNCTION("""COMPUTED_VALUE"""),16.0) -> 16 | G108: 5000 | H108: Antonio Cirino | I108: Alessandria | J108: 16
C109: =IFERROR(__xludf.DUMMYFUNCTION("""COMPUTED_VALUE"""),"Nicola Putton") -> Nicola Putton | D109: =IFERROR(__xludf.DUMMYFUNCTION("""COMPUTED_VALUE"""),13.0) -> 13 | H109: Nicola Putton | I109: Garda | J109: 13
...

Sheet Giocatori Scelti
B2: PORTIERI | D2: DIFENSORI | F2: TERZINI | H2: CENTROCAMPISTI | J2: ESTERNI | L2: ATTACCANTI
B3: Gabriele Di Leo | D3: Alberto De Donatis | F3: Alessio Torres | H3: Blackdevi Bucci | J3: Antonello Calise | L3: Mariano Pizzuti
B4: Davide Costarella | D4: Francesco Avogaro | F4: Miky Von Chiappon | H4: Daniele Fulco | J4: Angelo Zirattu | L4: Alberto Locatelli
B5: Paolo Di Stefano | D5: Stefano Pellone | F5: Davide Dragone | H5: Christopher Sentina | J5: Lukhas Bendorf | L5: Raoul Guzzi
B6: Daniele Dottori | D6: Luca Luigi Pichetto | F6: Kevin Freshko | H6: Philip Irle | J6: Simona Torelli | L6: Damiano Mattia
B7: Giorgio Laurendi | D7: Nicola Putton | F7: Lorenzo Bernazzani | H7: Marco Bellinato | J7: Nicola Madeddu | L7: Stefano D'Offizi
B8: Manuel Riva | D8: Alberto Buzzi | F8: Paolo Volpe | H8: Gabriele Marchi | J8: Carmine Sansone | L8: Saverio Bova
B9: Alfredo Aloi | D9: Andrea Marini | F9: Simone Trimarchi | H9: Salvatore Campagna | J9: Mark Aperio
D10: Mariano De Biase | F10: Antonio Modafferi | H10: Emanuele Aruta | J10: Carmine Granata
D11: Francesco Siciliano | F11: Giacomo Sedda | H11: Alessio Marchegiani
D12: Vincenzo Zazzaro Alfano | F12: Michele Minopoli | H12: Giuseppe Di Caccamo
F13: Gianfranco Colucci | H13: Paolo Nocciolino
H14: Giovanni Gallo
H15: Goku Kevin Kira

Sheet Calcoli
B2: PORTIERI | C2: TIRO PARATO | G2: 0.3 | H2: GOL SUBITO | L2: 0.5 | O2: TANO
C3: KLAUS | H3: TANO | M3: SV= 5,50 | O3: KLAUS
B4: Giocatore | C4: Voto 1 | D4: Voto 2 | E4: Bonus SOMMA | F4: Malus SOMMA | G4: Voto | H4: Voto 1 | I4: Voto 2 | J4: Bonus SOMMA | K4: Malus SOMMA | L4: Voto | M4: CHECK | O4: CACIOLLI
B5: =IFERROR(__xludf.DUMMYFUNCTION("(QUERY('Giocatori Scelti'!$B$3:$B$20, ""select Col1""))"),"Gabriele Di Leo") -> Gabriele Di Leo | C5: 6.6 | D5: 7.5 | E5: 15 | F5: 6 | G5: =(C5+D5+E5*$G$2-F5*$L$2)/2 -> 7.8 | H5: 6.6 | I5: 7.5 | J5: 15 | K5: 6 | L5: =(H5+I5+J5*$G$2-K5*$L$2)/2 -> 7.8 | M5: =IF(L5=G5,"OK","ERRORE") -> OK | O5: ROCCO | R5: 7.8 | S5: =L5-R5 -> 0
B6: =IFERROR(__xludf.DUMMYFUNCTION("""COMPUTED_VALUE"""),"Davide Costarella") -> Davide Costarella | C6: 7.3 | D6: 5.5 | E6: 6 | F6: 2 | G6: =(C6+D6+E6*$G$2-F6*$L$2)/2 -> 6.8 | H6: 5.5 | I6: 7.3 | J6: 6 | K6: 2 | L6: =(H6+I6+J6*$G$2-K6*$L$2)/2 -> 6.8 | M6: =IF(L6=G6,"OK","ERRORE") -> OK | R6: 6.8 | S6: =L6-R6 -> 0
B7: =IFERROR(__xludf.DUMMYFUNCTION("""COMPUTED_VALUE"""),"Paolo Di Stefano") -> Paolo Di Stefano | C7: 7.6 | D7: 7.1 | E7: 10 | F7: 2 | G7: =(C7+D7+E7*$G$2-F7*$L$2)/2 -> 8.35 | H7: 7.6 | I7: 7.1 | J7: 10 | K7: 2 | L7: =(H7+I7+J7*$G$2-K7*$L$2)/2 -> 8.35 | M7: =IF(L7=G7,"OK","ERRORE") -> OK | R7: 8.35 | S7: =L7-R7 -> 0
B8: =IFERROR(__xludf.DUMMYFUNCTION("""COMPUTED_VALUE"""),"Daniele Dottori") -> Daniele Dottori | C8: 7.6 | D8: 6.5 | E8: 10 | F8: 3 | G8: =(C8+D8+E8*$G$2-F8*$L$2)/2 -> 7.8 | H8: 7.6 | I8: 6.5 | J8: 10 | K8: 3 | L8: =(H8+I8+J8*$G$2-K8*$L$2)/2 -> 7.8 | M8: =IF(L8=G8,"OK","ERRORE") -> OK | R8: 7.8 | S8: =L8-R8 -> 0
B9: =IFERROR(__xludf.DUMMYFUNCTION("""COMPUTED_VALUE"""),"Giorgio Laurendi") -> Giorgio Laurendi | C9: 7 | D9: 5.5 | E9: 5 | F9: 2 | G9: =(C9+D9+E9*$G$2-F9*$L$2)/2 -> 6.5 | H9: 7 | I9: 5.5 | J9: 5 | K9: 2 | L9: =(H9+I9+J9*$G$2-K9*$L$2)/2 -> 6.5 | M9: =IF(L9=G9,"OK","ERRORE") -> OK | R9: 6.5 | S9: =L9-R9 -> 0
B10: =IFERROR(__xludf.DUMMYFUNCTION("""COMPUTED_VALUE"""),"Manuel Riva") -> Manuel Riva | C10: 6.8 | D10: 6.7 | E10: 13 | F10: 3 | G10: =(C10+D10+E10*$G$2-F10*$L$2)/2 -> 7.95 | H10: 6.8 | I10: 6.7 | J10: 13 | K10: 3 | L10: =(H10+I10+J10*$G$2-K10*$L$2)/2 -> 7.95 | M10: =IF(L10=G10,"OK","ERRORE") -> OK | R10: 7.95 | S10: =L10-R10 -> 0
B11: =IFERROR(__xludf.DUMMYFUNCTION("""COMPUTED_VALUE"""),"Alfredo Aloi") -> Alfredo Aloi | C11: 7.3 | D11: 6.7 | E11: 6 | F11: 2 | G11: =(C11+D11+E11*$G$2-F11*$L$2)/2 -> 7.4 | H11: 7.3 | I11: 6.7 | J11: 6 | K11: 2 | L11: =(H11+I11+J11*$G$2-K11*$L$2)/2 -> 7.4 | M11: =IF(L11=G11,"OK","ERRORE") -> OK | R11: 7.4 | S11: =L11-R11 -> 0
G12: =(C12+D12+E12*$G$2-F12*$L$2)/2 -> 0 | L12: =(H12+I12+J12*$G$2-K12*$L$2)/2 -> 0 | M12: =IF(L12=G12,"OK","ERRORE") -> OK | S12: =L12-R12 -> 0
G13: =(C13+D13+E13*$G$2-F13*$L$2)/2 -> 0 | L13: =(H13+I13+J13*$G$2-K13*$L$2)/2 -> 0 | M13: =IF(L13=G13,"OK","ERRORE") -> OK | S13: =L13-R13 -> 0
G14: =(C14+D14+E14*$G$2-F14*$L$2)/2 -> 0 | L14: =(H14+I14+J14*$G$2-K14*$L$2)/2 -> 0 | M14: =IF(L14=G14,"OK","ERRORE") -> OK | S14: =L14-R14 -> 0
G15: =(C15+D15+E15*$G$2-F15*$L$2)/2 -> 0 | L15: =(H15+I15+J15*$G$2-K15*$L$2)/2 -> 0 | M15: =IF(L15=G15,"OK","ERRORE") -> OK | S15: =L15-R15 -> 0
G16: =(C16+D16+E16*$G$2-F16*$L$2)/2 -> 0 | L16: =(H16+I16+J16*$G$2-K16*$L$2)/2 -> 0 | M16: =IF(L16=G16,"OK","ERRORE") -> OK | S16: =L16-R16 -> 0
G17: =(C17+D17+E17*$G$2-F17*$L$2)/2 -> 0 | L17: =(H17+I17+J17*$G$2-K17*$L$2)/2 -> 0 | M17: =IF(L17=G17,"OK","ERRORE") -> OK | S17: =L17-R17 -> 0
G18: =(C18+D18+E18*$G$2-F18*$L$2)/2 -> 0 | L18: =(H18+I18+J18*$G$2-K18*$L$2)/2 -> 0 | M18: =IF(L18=G18,"OK","ERRORE") -> OK | S18: =L18-R18 -> 0
G19: =(C19+D19+E19*$G$2-F19*$L$2)/2 -> 0 | L19: =(H19+I19+J19*$G$2-K19*$L$2)/2 -> 0 | M19: =IF(L19=G19,"OK","ERRORE") -> OK | S19: =L19-R19 -> 0
G20: =(C20+D20+E20*$G$2-F20*$L$2)/2 -> 0 | L20: =(H20+I20+J20*$G$2-K20*$L$2)/2 -> 0 | M20: =IF(L20=G20,"OK","ERRORE") -> OK | S20: =L20-R20 -> 0
G21: =(C21+D21+E21*$G$2-F21*$L$2)/2 -> 0 | L21: =(H21+I21+J21*$G$2-K21*$L$2)/2 -> 0 | M21: =IF(L21=G21,"OK","ERRORE") -> OK | S21: =L21-R21 -> 0
G22: =(C22+D22+E22*$G$2-F22*$L$2)/2 -> 0 | L22: =(H22+I22+J22*$G$2-K22*$L$2)/2 -> 0 | M22: =IF(L22=G22,"OK","ERRORE") -> OK | S22: =L22-R22 -> 0
G23: =(C23+D23+E23*$G$2-F23*$L$2)/2 -> 0 | L23: =(H23+I23+J23*$G$2-K23*$L$2)/2 -> 0 | M23: =IF(L23=G23,"OK","ERRORE") -> OK | S23: =L23-R23 -> 0
G24: =(C24+D24+E24*$G$2-F24*$L$2)/2 -> 0 | L24: =(H24+I24+J24*$G$2-K24*$L$2)/2 -> 0 | M24: =IF(L24=G24,"OK","ERRORE") -> OK | S24: =L24-R24 -> 0
B26: DIFENSORI | C26: PALLA RECUPERATA | G26: 0.25 | H26: CONTRASTI AEREI PERSI | L26: 0.25
C27: CACIOLLI | H27: KLAUS | M27: SV= 5,50
B28: Giocatore | C28: Voto 1 | D28: Voto 2 | E28: Bonus SOMMA | F28: Malus SOMMA | G28: Voto | H28: Voto 1 | I28: Voto 2 | J28: Bonus SOMMA | K28: Malus SOMMA | L28: Voto | M28: CHECK
B29: =IFERROR(__xludf.DUMMYFUNCTION("(QUERY('Giocatori Scelti'!$D$3:$D$32, ""select Col1""))"),"Alberto De Donatis") -> Alberto De Donatis | C29: 6.9 | D29: 6.8 | E29: 5 | F29: 1 | G29: =(C29+D29+E29*$G$26-F29*$L$26)/2 -> 7.35 | H29: 6.9 | I29: 6.8 | J29: 5 | K29: 1 | L29: =(H29+I29+J29*$G$26-K29*$L$26)/2 -> 7.35 | M29: =IF(L29=G29,"OK","ERRORE") -> OK | R29: 7.35 | S29: =L29-R29 -> 0
B30: =IFERROR(__xludf.DUMMYFUNCTION("""COMPUTED_VALUE"""),"Francesco Avogaro") -> Francesco Avogaro | C30: 7.2 | D30: 6.4 | E30: 4 | F30: 11 | G30: =(C30+D30+E30*$G$26-F30*$L$26)/2 -> 5.925 | H30: 7.2 | I30: 6.4 | J30: 4 | K30: 11 | L30: =(H30+I30+J30*$G$26-K30*$L$26)/2 -> 5.925 | M30: =IF(L30=G30,"OK","ERRORE") -> OK | R30: 5.925 | S30: =L30-R30 -> 0
B31: =IFERROR(__xludf.DUMMYFUNCTION("""COMPUTED_VALUE"""),"Stefano Pellone") -> Stefano Pellone | C31: 6.7 | D31: 7 | E31: 7 | F31: 2 | G31: =(C31+D31+E31*$G$26-F31*$L$26)/2 -> 7.475 | H31: 6.7 | I31: 7 | J31: 7 | K31: 2 | L31: =(H31+I31+J31*$G$26-K31*$L$26)/2 -> 7.475 | M31: =IF(L31=G31,"OK","ERRORE") -> OK | R31: 7.475 | S31: =L31-R31 -> 0
B32: =IFERROR(__xludf.DUMMYFUNCTION("""COMPUTED_VALUE"""),"Luca Luigi Pichetto") -> Luca Luigi Pichetto | C32: 6.9 | D32: 6.5 | E32: 5 | F32: 1 | G32: =(C32+D32+E32*$G$26-F32*$L$26)/2 -> 7.2 | H32: 6.9 | I32: 6.5 | J32: 5 | K32: 1 | L32: =(H32+I32+J32*$G$26-K32*$L$26)/2 -> 7.2 | M32: =IF(L32=G32,"OK","ERRORE") -> OK | R32: 7.2 | S32: =L32-R32 -> 0
B33: =IFERROR(__xludf.DUMMYFUNCTION("""COMPUTED_VALUE"""),"Nicola Putton") -> Nicola Putton | C33: 7 | D33: 6.9 | E33: 4 | F33: 11 | G33: =(C33+D33+E33*$G$26-F33*$L$26)/2 -> 6.075 | H33: 7 | I33: 6.9 | J33: 4 | K33: 11 | L33: =(H33+I33+J33*$G$26-K33*$L$26)/2 -> 6.075 | M33: =IF(L33=G33,"OK","ERRORE") -> OK | R33: 6.075 | S33: =L33-R33 -> 0
B34: =IFERROR(__xludf.DUMMYFUNCTION("""COMPUTED_VALUE"""),"Alberto Buzzi") -> Alberto Buzzi | C34: 7 | D34: 7.1 | E34: 5 | F34: 0 | G34: =(C34+D34+E34*$G$26-F34*$L$26)/2 -> 7.675 | H34: 7 | I34: 7.1 | J34: 5 | K34: 0 | L34: =(H34+I34+J34*$G$26-K34*$L$26)/2 -> 7.675 | M34: =IF(L34=G34,"OK","ERRORE") -> OK | R34: 7.675 | S34: =L34-R34 -> 0
B35: =IFERROR(__xludf.DUMMYFUNCTION("""COMPUTED_VALUE"""),"Andrea Marini") -> Andrea Marini | C35: 7.4 | D35: 6.8 | E35: 10 | F35: 11 | G35: =(C35+D35+E35*$G$26-F35*$L$26)/2 -> 6.975 | H35: 7.4 | I35: 6.8 | J35: 10 | K35: 11 | L35: =(H35+I35+J35*$G$26-K35*$L$26)/2 -> 6.975 | M35: =IF(L35=G35,"OK","ERRORE") -> OK | R35: 6.975 | S35: =L35-R35 -> 0
B36: =IFERROR(__xludf.DUMMYFUNCTION("""COMPUTED_VALUE"""),"Mariano De Biase") -> Mariano De Biase | C36: 6.5 | D36: 6.4 | E36: 3 | F36: 4 | G36: =(C36+D36+E36*$G$26-F36*$L$26)/2 -> 6.325 | H36: 6.5 | I36: 6.4 | J36: 3 | K36: 4 | L36: =(H36+I36+J36*$G$26-K36*$L$26)/2 -> 6.325 | M36: =IF(L36=G36,"OK","ERRORE") -> OK | R36: 6.325 | S36: =L36-R36 -> 0
B37: =IFERROR(__xludf.DUMMYFUNCTION("""COMPUTED_VALUE"""),"Francesco Siciliano") -> Francesco Siciliano | C37: 7.3 | D37: 6.5 | E37: 4 | F37: 0 | G37: =(C37+D37+E37*$G$26-F37*$L$26)/2 -> 7.4 | H37: 7.3 | I37: 6.5 | J37: 4 | K37: 0 | L37: =(H37+I37+J37*$G$26-K37*$L$26)/2 -> 7.4 | M37: =IF(L37=G37,"OK","ERRORE") -> OK | R37: 7.4 | S37: =L37-R37 -> 0
B38: =IFERROR(__xludf.DUMMYFUNCTION("""COMPUTED_VALUE"""),"Vincenzo Zazzaro Alfano") -> Vincenzo Zazzaro Alfano | C38: 7 | D38: 6.7 | E38: 2 | F38: 4 | G38: =(C38+D38+E38*$G$26-F38*$L$26)/2 -> 6.6 | H38: 7 | I38: 6.7 | J38: 2 | K38: 4 | L38: =(H38+I38+J38*$G$26-K38*$L$26)/2 -> 6.6 | M38: =IF(L38=G38,"OK","ERRORE") -> OK | R38: 6.6 | S38: =L38-R38 -> 0
G39: =(C39+D39+E39*$G$26-F39*$L$26)/2 -> 0 | L39: =(H39+I39+J39*$G$26-K39*$L$26)/2 -> 0 | M39: =IF(L39=G39,"OK","ERRORE") -> OK | S39: =L39-R39 -> 0
G40: =(C40+D40+E40*$G$26-F40*$L$26)/2 -> 0 | L40: =(H40+I40+J40*$G$26-K40*$L$26)/2 -> 0 | M40: =IF(L40=G40,"OK","ERRORE") -> OK | S40: =L40-R40 -> 0
G41: =(C41+D41+E41*$G$26-F41*$L$26)/2 -> 0 | L41: =(H41+I41+J41*$G$26-K41*$L$26)/2 -> 0 | M41: =IF(L41=G41,"OK","ERRORE") -> OK | S41: =L41-R41 -> 0
G42: =(C42+D42+E42*$G$26-F42*$L$26)/2 -> 0 | L42: =(H42+I42+J42*$G$26-K42*$L$26)/2 -> 0 | M42: =IF(L42=G42,"OK","ERRORE") -> OK | S42: =L42-R42 -> 0
G43: =(C43+D43+E43*$G$26-F43*$L$26)/2 -> 0 | L43: =(H43+I43+J43*$G$26-K43*$L$26)/2 -> 0 | M43: =IF(L43=G43,"OK","ERRORE") -> OK | S43: =L43-R43 -> 0
G44: =(C44+D44+E44*$G$26-F44*$L$26)/2 -> 0 | L44: =(H44+I44+J44*$G$26-K44*$L$26)/2 -> 0 | M44: =IF(L44=G44,"OK","ERRORE") -> OK | S44: =L44-R44 -> 0
G45: =(C45+D45+E45*$G$26-F45*$L$26)/2 -> 0 | L45: =(H45+I45+J45*$G$26-K45*$L$26)/2 -> 0 | M45: =IF(L45=G45,"OK","ERRORE") -> OK | S45: =L45-R45 -> 0
G46: =(C46+D46+E46*$G$26-F46*$L$26)/2 -> 0 | L46: =(H46+I46+J46*$G$26-K46*$L$26)/2 -> 0 | M46: =IF(L46=G46,"OK","ERRORE") -> OK | S46: =L46-R46 -> 0
G47: =(C47+D47+E47*$G$26-F47*$L$26)/2 -> 0 | L47: =(H47+I47+J47*$G$26-K47*$L$26)/2 -> 0 | M47: =IF(L47=G47,"OK","ERRORE") -> OK | S47: =L47-R47 -> 0
G48: =(C48+D48+E48*$G$26-F48*$L$26)/2 -> 0 | L48: =(H48+I48+J48*$G$26-K48*$L$26)/2 -> 0 | M48: =IF(L48=G48,"OK","ERRORE") -> OK | S48: =L48-R48 -> 0
G49: =(C49+D49+E49*$G$26-F49*$L$26)/2 -> 0 | L49: =(H49+I49+J49*$G$26-K49*$L$26)/2 -> 0 | M49: =IF(L49=G49,"OK","ERRORE") -> OK | S49: =L49-R49 -> 0
G50: =(C50+D50+E50*$G$26-F50*$L$26)/2 -> 0 | L50: =(H50+I50+J50*$G$26-K50*$L$26)/2 -> 0 | M50: =IF(L50=G50,"OK","ERRORE") -> OK | S50: =L50-R50 -> 0
... G58: =(C58+D58+E58*$G$26-F58*$L$26)/2 -> 0 | L58: =(H58+I58+J58*$G$26-K58*$L$26)/2 -> 0 | M58: =IF(L58=G58,"OK","ERRORE") -> OK | S58: =L58-R58 -> 0
B60: TERZINI | C60: DRIBBLING | G60: 0.5 | H60: FALLO COMMESSO | L60: 0.3
C61: ROCCO | H61: CACIOLLI | M61: SV= 5,50
B62: Giocatore | C62: Voto 1 | D62: Voto 2 | E62: Bonus SOMMA | F62: Malus SOMMA | G62: Voto | H62: Voto 1 | I62: Voto 2 | J62: Bonus SOMMA | K62: Malus SOMMA | L62: Voto | M62: CHECK
B63: =IFERROR(__xludf.DUMMYFUNCTION("(QUERY('Giocatori Scelti'!$F$3:$F$32, ""select Col1""))"),"Alessio Torres") -> Alessio Torres | C63: 7.1 | D63: 8.3 | E63: 8 | F63: 3 | G63: =(C63+D63+E63*$G$60-F63*$L$60)/2 -> 9.25 | H63: 7.1 | I63: 8.3 | J63: 8 | K63: 3 | L63: =(H63+I63+J63*$G$60-K63*$L$60)/2 -> 9.25 | M63: =IF(L63=G63,"OK","ERRORE") -> OK | R63: 9.25 | S63: =L63-R63 -> 0
B64: =IFERROR(__xludf.DUMMYFUNCTION("""COMPUTED_VALUE"""),"Miky Von Chiappon") -> Miky Von Chiappon | C64: 7.6 | D64: 8.5 | E64: 4 | F64: 4 | G64: =(C64+D64+E64*$G$60-F64*$L$60)/2 -> 8.45 | H64: 7.6 | I64: 8.5 | J64: 4 | K64: 4 | L64: =(H64+I64+J64*$G$60-K64*$L$60)/2 -> 8.45 | M64: =IF(L64=G64,"OK","ERRORE") -> OK | R64: 8.45 | S64: =L64-R64 -> 0
B65: =IFERROR(__xludf.DUMMYFUNCTION("""COMPUTED_VALUE"""),"Davide Dragone") -> Davide Dragone | C65: 6.8 | D65: 7.2 | E65: 17 | F65: 3 | G65: =(C65+D65+E65*$G$60-F65*$L$60)/2 -> 10.8 | H65: 6.8 | I65: 7.2 | J65: 17 | K65: 3 | L65: =(H65+I65+J65*$G$60-K65*$L$60)/2 -> 10.8 | M65: =IF(L65=G65,"OK","ERRORE") -> OK | R65: 10.8 | S65: =L65-R65 -> 0
B66: =IFERROR(__xludf.DUMMYFUNCTION("""COMPUTED_VALUE"""),"Kevin Freshko") -> Kevin Freshko | C66: 8.5 | D66: 6.4 | E66: 3 | F66: 4 | G66: =(C66+D66+E66*$G$60-F66*$L$60)/2 -> 7.6 | H66: 8.5 | I66: 6.4 | J66: 3 | K66: 4 | L66: =(H66+I66+J66*$G$60-K66*$L$60)/2 -> 7.6 | M66: =IF(L66=G66,"OK","ERRORE") -> OK | R66: 7.6 | S66: =L66-R66 -> 0
B67: =IFERROR(__xludf.DUMMYFUNCTION("""COMPUTED_VALUE"""),"Lorenzo Bernazzani") -> Lorenzo Bernazzani | C67: 6.7 | D67: 6.6 | E67: 7 | F67: 3 | G67: =(C67+D67+E67*$G$60-F67*$L$60)/2 -> 7.95 | H67: 6.7 | I67: 6.6 | J67: 7 | K67: 3 | L67: =(H67+I67+J67*$G$60-K67*$L$60)/2 -> 7.95 | M67: =IF(L67=G67,"OK","ERRORE") -> OK | R67: 7.95 | S67: =L67-R67 -> 0
B68: =IFERROR(__xludf.DUMMYFUNCTION("""COMPUTED_VALUE"""),"Paolo Volpe") -> Paolo Volpe | C68: 6.6 | D68: 6.6 | E68: 10 | F68: 4 | G68: =(C68+D68+E68*$G$60-F68*$L$60)/2 -> 8.5 | H68: 6.6 | I68: 6.6 | J68: 10 | K68: 4 | L68: =(H68+I68+J68*$G$60-K68*$L$60)/2 -> 8.5 | M68: =IF(L68=G68,"OK","ERRORE") -> OK | R68: 8.5 | S68: =L68-R68 -> 0
B69: =IFERROR(__xludf.DUMMYFUNCTION("""COMPUTED_VALUE"""),"Simone Trimarchi") -> Simone Trimarchi | C69: 6.3 | D69: 6.9 | E69: 4 | F69: 2 | G69: =(C69+D69+E69*$G$60-F69*$L$60)/2 -> 7.3 | H69: 6.3 | I69: 6.9 | J69: 4 | K69: 2 | L69: =(H69+I69+J69*$G$60-K69*$L$60)/2 -> 7.3 | M69: =IF(L69=G69,"OK","ERRORE") -> OK | R69: 7.3 | S69: =L69-R69 -> 0
B70: =IFERROR(__xludf.DUMMYFUNCTION("""COMPUTED_VALUE"""),"Antonio Modafferi") -> Antonio Modafferi | C70: 6.6 | D70: 7 | E70: 2 | F70: 3 | G70: =(C70+D70+E70*$G$60-F70*$L$60)/2 -> 6.85 | H70: 6.6 | I70: 7 | J70: 2 | K70: 3 | L70: =(H70+I70+J70*$G$60-K70*$L$60)/2 -> 6.85 | M70: =IF(L70=G70,"OK","ERRORE") -> OK | R70: 6.85 | S70: =L70-R70 -> 0
B71: =IFERROR(__xludf.DUMMYFUNCTION("""COMPUTED_VALUE"""),"Giacomo Sedda") -> Giacomo Sedda | C71: 7.4 | D71: 7.4 | E71: 6 | F71: 1 | G71: =(C71+D71+E71*$G$60-F71*$L$60)/2 -> 8.75 | H71: 7.4 | I71: 7.4 | J71: 6 | K71: 1 | L71: =(H71+I71+J71*$G$60-K71*$L$60)/2 -> 8.75 | M71: =IF(L71=G71,"OK","ERRORE") -> OK | R71: 8.75 | S71: =L71-R71 -> 0
B72: =IFERROR(__xludf.DUMMYFUNCTION("""COMPUTED_VALUE"""),"Michele Minopoli") -> Michele Minopoli | C72: 8.1 | D72: 5.5 | E72: 2 | F72: 3 | G72: =(C72+D72+E72*$G$60-F72*$L$60)/2 -> 6.85 | H72: 8.1 | I72: 5.5 | J72: 2 | K72: 3 | L72: =(H72+I72+J72*$G$60-K72*$L$60)/2 -> 6.85 | M72: =IF(L72=G72,"OK","ERRORE") -> OK | R72: 6.85 | S72: =L72-R72 -> 0
B73: =IFERROR(__xludf.DUMMYFUNCTION("""COMPUTED_VALUE"""),"Gianfranco Colucci") -> Gianfranco Colucci | C73: 5.5 | D73: 6.6 | E73: 1 | F73: 0 | G73: =(C73+D73+E73*$G$60-F73*$L$60)/2 -> 6.3 | H73: 5.5 | I73: 6.6 | J73: 1 | K73: 0 | L73: =(H73+I73+J73*$G$60-K73*$L$60)/2 -> 6.3 | M73: =IF(L73=G73,"OK","ERRORE") -> OK | R73: 6.3 | S73: =L73-R73 -> 0
G74: =(C74+D74+E74*$G$60-F74*$L$60)/2 -> 0 | L74: =(H74+I74+J74*$G$60-K74*$L$60)/2 -> 0 | M74: =IF(L74=G74,"OK","ERRORE") -> OK | S74: =L74-R74 -> 0
G75: =(C75+D75+E75*$G$60-F75*$L$60)/2 -> 0 | L75: =(H75+I75+J75*$G$60-K75*$L$60)/2 -> 0 | M75: =IF(L75=G75,"OK","ERRORE") -> OK | S75: =L75-R75 -> 0
G76: =(C76+D76+E76*$G$60-F76*$L$60)/2 -> 0 | L76: =(H76+I76+J76*$G$60-K76*$L$60)/2 -> 0 | M76: =IF(L76=G76,"OK","ERRORE") -> OK | S76: =L76-R76 -> 0
G77: =(C77+D77+E77*$G$60-F77*$L$60)/2 -> 0 | L77: =(H77+I77+J77*$G$60-K77*$L$60)/2 -> 0 | M77: =IF(L77=G77,"OK","ERRORE") -> OK | S77: =L77-R77 -> 0
G78: =(C78+D78+E78*$G$60-F78*$L$60)/2 -> 0 | L78: =(H78+I78+J78*$G$60-K78*$L$60)/2 -> 0 | M78: =IF(L78=G78,"OK","ERRORE") -> OK | S78: =L78-R78 -> 0
G79: =(C79+D79+E79*$G$60-F79*$L$60)/2 -> 0 | L79: =(H79+I79+J79*$G$60-K79*$L$60)/2 -> 0 | M79: =IF(L79=G79,"OK","ERRORE") -> OK | S79: =L79-R79 -> 0
G80: =(C80+D80+E80*$G$60-F80*$L$60)/2 -> 0 | L80: =(H80+I80+J80*$G$60-K80*$L$60)/2 -> 0 | M80: =IF(L80=G80,"OK","ERRORE") -> OK | S80: =L80-R80 -> 0
G81: =(C81+D81+E81*$G$60-F81*$L$60)/2 -> 0 | L81: =(H81+I81+J81*$G$60-K81*$L$60)/2 -> 0 | M81: =IF(L81=G81,"OK","ERRORE") -> OK | S81: =L81-R81 -> 0
G82: =(C82+D82+E82*$G$60-F82*$L$60)/2 -> 0 | L82: =(H82+I82+J82*$G$60-K82*$L$60)/2 -> 0 | M82: =IF(L82=G82,"OK","ERRORE") -> OK | S82: =L82-R82 -> 0
G83: =(C83+D83+E83*$G$60-F83*$L$60)/2 -> 0 | L83: =(H83+I83+J83*$G$60-K83*$L$60)/2 -> 0 | M83: =IF(L83=G83,"OK","ERRORE") -> OK | S83: =L83-R83 -> 0
G84: =(C84+D84+E84*$G$60-F84*$L$60)/2 -> 0 | L84: =(H84+I84+J84*$G$60-K84*$L$60)/2 -> 0 | M84: =IF(L84=G84,"OK","ERRORE") -> OK | S84: =L84-R84 -> 0
G85: =(C85+D85+E85*$G$60-F85*$L$60)/2 -> 0 | L85: =(H85+I85+J85*$G$60-K85*$L$60)/2 -> 0 | M85: =IF(L85=G85,"OK","ERRORE") -> OK | S85: =L85-R85 -> 0
... G92: =(C92+D92+E92*$G$60-F92*$L$60)/2 -> 0 | L92: =(H92+I92+J92*$G$60-K92*$L$60)/2 -> 0 | M92: =IF(L92=G92,"OK","ERRORE") -> OK | S92: =L92-R92 -> 0
B94: CENTROCAMPISTI | C94: PASSAGGIO DECISIVO | G94: 0.5 | H94: PASSAGGIO SBAGLIATO | L94: 0.1
C95: TANO | H95: ROCCO | M95: SV= 5,50
B96: Giocatore | C96: Voto 1 | D96: Voto 2 | E96: Bonus SOMMA | F96: Malus SOMMA | G96: Voto | H96: Voto 1 | I96: Voto 2 | J96: Bonus SOMMA | K96: Malus SOMMA | L96: Voto | M96: CHECK
B97: =IFERROR(__xludf.DUMMYFUNCTION("(QUERY('Giocatori Scelti'!$H$3:$H$32, ""select Col1""))"),"Blackdevi Bucci") -> Blackdevi Bucci | C97: 8.5 | D97: 6.7 | E97: 3 | F97: 8 | G97: =(C97+D97+E97*$G$94-F97*$L$94)/2 -> 7.95 | H97: 8.5 | I97: 6.7 | J97: 3 | K97: 8 | L97: =(H97+I97+J97*$G$94-K97*$L$94)/2 -> 7.95 | M97: =IF(L97=G97,"OK","ERRORE") -> OK | R97: 7.95 | S97: =L97-R97 -> 0
B98: =IFERROR(__xludf.DUMMYFUNCTION("""COMPUTED_VALUE"""),"Daniele Fulco") -> Daniele Fulco | C98: 6.4 | D98: 6.8 | E98: 1 | F98: 8 | G98: =(C98+D98+E98*$G$94-F98*$L$94)/2 -> 6.45 | H98: 6.4 | I98: 6.8 | J98: 1 | K98: 8 | L98: =(H98+I98+J98*$G$94-K98*$L$94)/2 -> 6.45 | M98: =IF(L98=G98,"OK","ERRORE") -> OK | R98: 6.45 | S98: =L98-R98 -> 0
B99: =IFERROR(__xludf.DUMMYFUNCTION("""COMPUTED_VALUE"""),"Christopher Sentina") -> Christopher Sentina | C99: 7.4 | D99: 6.9 | E99: 6 | F99: 4 | G99: =(C99+D99+E99*$G$94-F99*$L$94)/2 -> 8.45 | H99: 7.4 | I99: 6.9 | J99: 6 | K99: 4 | L99: =(H99+I99+J99*$G$94-K99*$L$94)/2 -> 8.45 | M99: =IF(L99=G99,"OK","ERRORE") -> OK | R99: 8.45 | S99: =L99-R99 -> 0
B100: =IFERROR(__xludf.DUMMYFUNCTION("""COMPUTED_VALUE"""),"Philip Irle") -> Philip Irle | C100: 6.7 | D100: 7.6 | E100: 0 | F100: 3 | G100: =(C100+D100+E100*$G$94-F100*$L$94)/2 -> 7 | H100: 6.7 | I100: 7.6 | J100: 0 | K100: 3 | L100: =(H100+I100+J100*$G$94-K100*$L$94)/2 -> 7 | M100: =IF(L100=G100,"OK","ERRORE") -> OK | R100: 7 | S100: =L100-R100 -> 0
B101: =IFERROR(__xludf.DUMMYFUNCTION("""COMPUTED_VALUE"""),"Marco Bellinato") -> Marco Bellinato | C101: 6.6 | D101: 8.9 | E101: 4 | F101: 14 | G101: =(C101+D101+E101*$G$94-F101*$L$94)/2 -> 8.05 | H101: 6.6 | I101: 8.9 | J101: 4 | K101: 14 | L101: =(H101+I101+J101*$G$94-K101*$L$94)/2 -> 8.05 | M101: =IF(L101=G101,"OK","ERRORE") -> OK | R101: 8.05 | S101: =L101-R101 -> 0
B102: =IFERROR(__xludf.DUMMYFUNCTION("""COMPUTED_VALUE"""),"Gabriele Marchi") -> Gabriele Marchi | C102: 6.3 | D102: 7.7 | E102: 2 | F102: 9 | G102: =(C102+D102+E102*$G$94-F102*$L$94)/2 -> 7.05 | H102: 6.3 | I102: 7.7 | J102: 2 | K102: 9 | L102: =(H102+I102+J102*$G$94-K102*$L$94)/2 -> 7.05 | M102: =IF(L102=G102,"OK","ERRORE") -> OK | R102: 7.05 | S102: =L102-R102 -> 0
B103: =IFERROR(__xludf.DUMMYFUNCTION("""COMPUTED_VALUE"""),"Salvatore Campagna") -> Salvatore Campagna | C103: 7.5 | D103: 6.4 | E103: 2 | F103: 19 | G103: =(C103+D103+E103*$G$94-F103*$L$94)/2 -> 6.5 | H103: 7.5 | I103: 6.4 | J103: 2 | K103: 19 | L103: =(H103+I103+J103*$G$94-K103*$L$94)/2 -> 6.5 | M103: =IF(L103=G103,"OK","ERRORE") -> OK | R103: 6.5 | S103: =L103-R103 -> 0
B104: =IFERROR(__xludf.DUMMYFUNCTION("""COMPUTED_VALUE"""),"Emanuele Aruta") -> Emanuele Aruta | C104: 6.7 | D104: 7.8 | E104: 3 | F104: 14 | G104: =(C104+D104+E104*$G$94-F104*$L$94)/2 -> 7.3 | H104: 6.7 | I104: 7.8 | J104: 3 | K104: 14 | L104: =(H104+I104+J104*$G$94-K104*$L$94)/2 -> 7.3 | M104: =IF(L104=G104,"OK","ERRORE") -> OK | R104: 7.3 | S104: =L104-R104 -> 0
B105: =IFERROR(__xludf.DUMMYFUNCTION("""COMPUTED_VALUE"""),"Alessio Marchegiani") -> Alessio Marchegiani | C105: 6.5 | D105: 6.6 | E105: 0 | F105: 4 | G105: =(C105+D105+E105*$G$94-F105*$L$94)/2 -> 6.35 | H105: 6.5 | I105: 6.6 | J105: 0 | K105: 4 | L105: =(H105+I105+J105*$G$94-K105*$L$94)/2 -> 6.35 | M105: =IF(L105=G105,"OK","ERRORE") -> OK | R105: 6.35 | S105: =L105-R105 -> 0
B106: =IFERROR(__xludf.DUMMYFUNCTION("""COMPUTED_VALUE"""),"Giuseppe Di Caccamo") -> Giuseppe Di Caccamo | C106: 7.5 | D106: 7.1 | E106: 3 | F106: 9 | G106: =(C106+D106+E106*$G$94-F106*$L$94)/2 -> 7.6 | H106: 7.5 | I106: 7.1 | J106: 3 | K106: 9 | L106: =(H106+I106+J106*$G$94-K106*$L$94)/2 -> 7.6 | M106: =IF(L106=G106,"OK","ERRORE") -> OK | R106: 7.6 | S106: =L106-R106 -> 0
B107: =IFERROR(__xludf.DUMMYFUNCTION("""COMPUTED_VALUE"""),"Paolo Nocciolino") -> Paolo Nocciolino | C107: 6.9 | D107: 7.4 | E107: 3 | F107: 13 | G107: =(C107+D107+E107*$G$94-F107*$L$94)/2 -> 7.25 | H107: 6.9 | I107: 7.4 | J107: 3 | K107: 13 | L107: =(H107+I107+J107*$G$94-K107*$L$94)/2 -> 7.25 | M107: =IF(L107=G107,"OK","ERRORE") -> OK | R107: 7.25 | S107: =L107-R107 -> 0
B108: =IFERROR(__xludf.DUMMYFUNCTION("""COMPUTED_VALUE"""),"Giovanni Gallo") -> Giovanni Gallo | C108: 7.4 | D108: 6.5 | E108: 7 | F108: 18 | G108: =(C108+D108+E108*$G$94-F108*$L$94)/2 -> 7.8 | H108: 7.4 | I108: 6.5 | J108: 7 | K108: 18 | L108: =(H108+I108+J108*$G$94-K108*$L$94)/2 -> 7.8 | M108: =IF(L108=G108,"OK","ERRORE") -> OK | R108: 7.8 | S108: =L108-R108 -> 0
B109: =IFERROR(__xludf.DUMMYFUNCTION("""COMPUTED_VALUE"""),"Goku Kevin Kira") -> Goku Kevin Kira | C109: 7.1 | D109: 7.5 | E109: 6 | F109: 15 | G109: =(C109+D109+E109*$G$94-F109*$L$94)/2 -> 8.05 | H109: 7.1 | I109: 7.5 | J109: 6 | K109: 15 | L109: =(H109+I109+J109*$G$94-K109*$L$94)/2 -> 8.05 | M109: =IF(L109=G109,"OK","ERRORE") -> OK | R109: 8.05 | S109: =L109-R109 -> 0
G110: =(C110+D110+E110*$G$94-F110*$L$94)/2 -> 0 | L110: =(H110+I110+J110*$G$94-K110*$L$94)/2 -> 0 | M110: =IF(L110=G110,"OK","ERRORE") -> OK | S110: =L110-R110 -> 0
G111: =(C111+D111+E111*$G$94-F111*$L$94)/2 -> 0 | L111: =(H111+I111+J111*$G$94-K111*$L$94)/2 -> 0 | M111: =IF(L111=G111,"OK","ERRORE") -> OK | S111: =L111-R111 -> 0
G112: =(C112+D112+E112*$G$94-F112*$L$94)/2 -> 0 | L112: =(H112+I112+J112*$G$94-K112*$L$94)/2 -> 0 | M112: =IF(L112=G112,"OK","ERRORE") -> OK | S112: =L112-R112 -> 0
G113: =(C113+D113+E113*$G$94-F113*$L$94)/2 -> 0 | L113: =(H113+I113+J113*$G$94-K113*$L$94)/2 -> 0 | M113: =IF(L113=G113,"OK","ERRORE") -> OK | S113: =L113-R113 -> 0
G114: =(C114+D114+E114*$G$94-F114*$L$94)/2 -> 0 | L114: =(H114+I114+J114*$G$94-K114*$L$94)/2 -> 0 | M114: =IF(L114=G114,"OK","ERRORE") -> OK | S114: =L114-R114 -> 0
G115: =(C115+D115+E115*$G$94-F115*$L$94)/2 -> 0 | L115: =(H115+I115+J115*$G$94-K115*$L$94)/2 -> 0 | M115: =IF(L115=G115,"OK","ERRORE") -> OK | S115: =L115-R115 -> 0
G116: =(C116+D116+E116*$G$94-F116*$L$94)/2 -> 0 | L116: =(H116+I116+J116*$G$94-K116*$L$94)/2 -> 0 | M116: =IF(L116=G116,"OK","ERRORE") -> OK | S116: =L116-R116 -> 0
G117: =(C117+D117+E117*$G$94-F117*$L$94)/2 -> 0 | L117: =(H117+I117+J117*$G$94-K117*$L$94)/2 -> 0 | M117: =IF(L117=G117,"OK","ERRORE") -> OK | S117: =L117-R117 -> 0
...

Sheet Calcoli a 3
B2: PORTIERI | C2: TIRO PARATO | H2: 0.3 | I2: GOL SUBITO | N2: 0.5 | Q2: TANO
C3: KLAUS | I3: TANO | O3: SV= 5,50 | Q3: KLAUS
B4: Giocatore | C4: Voto 1 | D4: Voto 2 | E4: Voto 3 | F4: Bonus SOMMA | G4: Malus SOMMA | H4: Voto | I4: Voto 1 | J4: Voto 2 | K4: Voto 3 | L4: Bonus SOMMA | M4: Malus SOMMA | N4: Voto | O4: CHECK | Q4: CACIOLLI
B5: =IFERROR(__xludf.DUMMYFUNCTION("(QUERY('Giocatori Scelti'!$B$3:$B$22, ""select Col1""))"),"Gabriele Di Leo") -> Gabriele Di Leo | H5: =(SUM(C5:E5)+F5*$H$2-G5*$N$2)/3 -> 0 | N5: =(SUM(I5:K5)+L5*$H$2-M5*$N$2)/3 -> 0 | O5: =IF(N5=H5,"OK","ERRORE") -> OK | Q5: ROCCO | U5: =N5-T5 -> 0
B6: =IFERROR(__xludf.DUMMYFUNCTION("""COMPUTED_VALUE"""),"Davide Costarella") -> Davide Costarella | H6: =(SUM(C6:E6)+F6*$H$2-G6*$N$2)/3 -> 0 | N6: =(SUM(I6:K6)+L6*$H$2-M6*$N$2)/3 -> 0 | O6: =IF(N6=H6,"OK","ERRORE") -> OK | U6: =N6-T6 -> 0
B7: =IFERROR(__xludf.DUMMYFUNCTION("""COMPUTED_VALUE"""),"Paolo Di Stefano") -> Paolo Di Stefano | H7: =(SUM(C7:E7)+F7*$H$2-G7*$N$2)/3 -> 0 | N7: =(SUM(I7:K7)+L7*$H$2-M7*$N$2)/3 -> 0 | O7: =IF(N7=H7,"OK","ERRORE") -> OK | U7: =N7-T7 -> 0
